ge;20354
de;12521
ten;9669
ver;9138
te;8452
be;8080
gen;8027
den;6059
ren;5920
ken;5208
re;4859
ter;4501
ti;4456
len;4319
tie;4261
der;4180
le;4124
on;3999
in;3755
sen;3265
ke;3201
nen;3198
me;3185
ma;3076
ne;2980
men;2965
pen;2951
se;2919
li;2809
ta;2743
na;2570
ra;2543
tje;2425
di;2393
to;2372
ri;2361
lo;2328
ven;2226
op;2175
en;2150
heid;2122
af;2116
pa;1969
la;1925
ka;1907
mo;1890
uit;1869
aan;1849
zen;1838
pro;1703
con;1691
mi;1671
ze;1650
pe;1607
ker;1584
ba;1540
we;1533
wa;1529
ni;1519
per;1493
a;1481
sche;1479
si;1479
over;1463
voor;1451
po;1428
ve;1408
sa;1399
lijk;1393
rij;1391
ont;1363
ca;1282
ci;1279
ling;1267
ko;1262
no;1259
ties;1221
ring;1220
bo;1197
ga;1185
lij;1119
tig;1115
ders;1112
ters;1097
ger;1089
o;1084
fi;1077
vi;1076
he;1064
mer;1049
ach;1048
ro;1033
lin;1012
gel;1001
je;996
da;971
nis;940
com;939
ar;935
va;934
tel;933
om;909
stel;897
kel;875
del;874
her;858
ste;855
man;838
werk;826
baar;824
toe;824
ha;815
kers;811
jes;807
an;802
sie;798
dig;793
so;792
co;786
tu;782
do;780
pi;772
ting;769
ding;765
ning;765
bel;762
sel;752
rin;742
or;732
mis;713
fe;710
door;704
win;704
tes;703
wer;701
bij;697
mu;692
des;688
han;682
gra;679
bi;678
za;678
wen;662
tra;660
schap;657
heids;651
pel;649
hou;646
ging;644
waar;640
vol;638
sta;637
ac;636
cen;636
pre;634
weg;629
par;619
bal;603
fa;602
ho;599
al;598
kan;597
kin;596
rings;596
tuur;596
ster;592
ser;590
val;589
au;581
gi;577
huis;575
lan;575
lis;570
lig;566
gers;559
boe;558
tisch;552
een;551
tro;551
rig;549
vor;549
die;546
er;546
lei;544
ce;542
cu;542
wij;541
tij;536
gin;534
lie;530
res;522
taal;520
gie;512
mid;510
king;509
nin;509
dag;502
the;492
tri;492
ler;489
plan;488
ex;487
pers;487
tor;487
ziek;486
bin;480
rie;478
land;477
vel;476
scha;475
dis;473
vo;472
din;470
leer;469
ris;465
stu;462
bouw;459
ket;458
tin;456
chi;452
vis;451
slag;450
kun;449
as;448
ja;447
mers;444
zin;444
pu;443
mel;442
bui;438
for;436
spe;436
ap;429
pas;427
fo;424
oor;421
moe;418
um;418
teit;416
voe;416
du;413
dra;411
teer;411
zet;411
ei;406
tijd;405
dings;404
school;404
bu;400
kop;399
zon;397
maat;396
fen;395
seer;395
rug;392
sla;392
go;389
bak;387
ber;385
su;382
let;379
trek;379
nes;377
zer;377
recht;374
zee;371
ban;369
deel;369
lucht;368
lings;366
vrij;364
neer;363
ner;363
druk;362
lu;361
min;361
loos;358
stem;357
ces;353
fel;352
les;352
vin;350
nings;345
sis;344
kunst;342
net;342
wel;342
seerd;341
zo;341
pla;340
fie;338
spel;338
stuk;337
hand;335
stof;335
mie;334
dui;333
las;331
nie;331
sten;331
por;330
schil;330
gas;327
geld;327
hoog;327
boek;325
grond;325
wo;324
ment;323
vaar;323
che;322
zie;322
scho;321
steen;318
plaat;314
wet;314
dienst;310
eu;307
gram;305
vers;305
ming;302
tjes;302
fer;301
zij;300
bla;299
licht;295
ope;295
weer;295
tiek;294
eer;293
mes;293
stan;293
gens;292
rech;292
tief;292
rol;291
was;290
wis;290
tings;289
wan;288
laar;287
reld;287
har;284
zel;284
tal;283
ad;282
aard;281
mon;280
zak;279
leg;277
gings;276
meer;276
vens;276
pak;275
wijs;274
duc;273
kas;273
tan;273
ton;273
hui;271
pot;271
kos;270
ran;270
teerd;270
van;267
hout;265
lers;265
kings;264
gels;263
oe;263
post;263
bank;262
gan;262
koop;262
im;261
rei;260
zelf;260
neel;258
cho;257
ges;257
trans;257
voer;257
aal;256
teits;256
zui;256
hal;253
sels;253
zi;253
hoe;252
hon;252
meen;252
tui;252
hoofd;251
tus;251
volks;251
cor;250
sters;250
mees;248
dels;247
ners;247
ses;245
stal;245
wor;245
brand;244
prijs;244
markt;243
ruim;243
dio;242
olie;242
wed;241
stand;240
vier;240
voet;240
kens;239
pan;238
vlieg;238
blad;237
hy;237
mas;237
tho;236
bor;235
jaar;235
keu;235
kla;235
twee;235
ij;234
mar;234
schrij;234
struc;234
los;233
slui;233
keer;232
kend;232
dek;231
kar;231
lijn;231
pie;230
zoe;230
goed;229
kleu;228
sport;228
zit;228
pij;227
strijd;226
raad;225
bie;224
punt;223
vak;223
cul;222
drijf;222
roe;222
band;221
ben;221
cre;221
ju;220
rich;220
boom;219
kie;219
tels;219
woor;219
e;218
bol;216
hu;216
kaart;216
mee;216
sto;216
lief;215
ly;215
snel;215
bon;214
drie;214
bos;213
doe;212
stro;211
col;210
cus;210
kels;210
rond;209
span;209
film;208
loop;208
naal;208
kle;207
laars;207
tis;207
ty;207
gis;206
bus;205
don;205
of;205
ers;204
veld;204
ves;204
ki;203
kor;203
bloed;201
cri;201
kom;201
jon;200
toon;200
tors;200
es;198
stra;198
bed;197
klas;197
spie;197
groot;196
zoek;196
berg;195
lui;195
nu;195
plaats;195
bou;194
gu;194
kam;194
pun;194
koe;193
ou;193
rel;193
sers;193
ving;193
bar;192
bloe;192
tech;192
derd;191
haar;190
vrou;190
gaan;189
krui;188
strij;188
baan;187
leid;187
nacht;187
ras;187
sub;187
top;186
boor;185
cla;185
lich;185
sti;185
speel;184
straf;184
vre;184
kaar;183
neerd;183
tei;183
vast;183
am;182
cel;182
hel;182
sin;182
terd;182
num;181
straat;181
heer;180
vuur;180
wind;180
been;179
rechts;179
kof;178
wit;178
blok;177
tuin;177
paar;176
sies;176
vlak;176
woord;176
ak;175
cha;175
naar;175
sys;175
ijs;174
woon;174
pres;173
bas;172
bei;172
tuig;172
vei;172
bre;171
car;170
hol;170
nig;170
tre;169
dood;168
neu;168
beeld;167
cir;167
mings;167
oog;167
kap;166
psy;166
hei;165
pels;165
pier;165
beids;164
dub;164
kerk;164
lec;164
mor;164
pri;164
stok;164
zend;164
bur;163
proef;163
staats;163
cur;162
rui;162
teem;162
bio;161
groe;161
lang;161
ron;161
avond;160
naars;160
schijn;160
bom;159
rec;159
sing;159
stroom;159
veer;159
cy;158
loon;158
tem;158
brood;157
dan;157
port;157
teur;157
fec;156
sui;156
half;155
kruis;155
melk;155
mig;155
staan;155
brief;154
deer;154
open;154
vul;154
hart;153
laag;153
reis;153
bran;152
vlie;152
gend;151
ping;151
ple;151
zers;151
lam;149
zan;149
bloem;148
dom;148
leerd;148
pon;148
spoor;148
brug;147
groen;147
kracht;147
sig;147
wijn;147
at;146
mijn;146
stuur;146
vorm;146
is;145
rus;145
trap;145
draai;144
eind;144
func;144
hulp;144
lon;144
pin;144
stam;144
vet;144
bad;143
bil;143
ble;143
rijks;143
schie;143
cro;142
stop;142
wie;142
won;142
foon;141
goe;141
jec;141
kleur;141
klok;141
zand;141
glas;140
scher;140
spi;140
teurs;140
kre;139
pis;139
wil;139
ceer;138
cra;138
gif;138
grens;138
mens;138
voort;138
bied;137
eni;137
gisch;137
kern;137
loog;137
plat;137
war;137
zuur;137
beel;136
dus;136
ef;136
groei;136
list;136
raal;136
dier;135
dij;135
fu;135
trie;135
cij;134
dicht;134
dien;134
gras;134
gun;133
jeugd;133
rit;133
maan;132
mans;132
schip;132
trum;132
jo;131
lus;131
prij;131
sco;131
snij;131
sol;131
vlees;131
feest;130
geer;130
kra;130
kwa;130
ru;130
wei;130
zaam;130
hoek;129
pli;129
reau;129
schoon;129
wik;129
gang;128
nood;128
schrift;128
vaart;127
vou;127
haal;126
komst;126
schaps;126
sleu;126
sus;126
broe;125
droog;125
em;125
kool;125
lijst;124
rou;124
sec;124
hard;123
keers;123
lap;123
ana;122
deur;122
nier;122
stads;122
stre;122
tien;122
bri;121
dro;121
elek;121
huur;121
wol;121
zorg;121
dend;120
gor;120
jacht;120
lijks;120
naam;120
poe;120
uni;120
wach;120
ab;119
pop;119
slaap;119
vie;119
by;118
goud;118
spre;118
blik;117
dam;117
hef;117
kant;117
noot;117
schou;117
brie;116
cie;116
fers;116
ob;116
pje;116
vat;116
dy;115
klap;115
maal;115
rens;115
syn;115
tend;115
werp;115
bra;114
eerd;114
lood;114
mos;114
neus;114
niek;114
nor;114
plo;114
tai;114
veel;114
bun;113
fes;113
nan;113
spo;113
zeg;113
gods;112
groep;112
vijf;112
vings;112
zwa;112
dem;111
ons;111
tas;111
lands;110
lees;110
mat;110
oen;110
put;110
slo;110
spec;110
vraag;110
brui;109
ele;109
gro;109
koers;109
lies;109
mij;109
raat;109
vlucht;109
fan;108
kat;108
mag;108
sei;108
sem;108
trai;108
cas;107
eel;107
leu;107
raar;107
reer;107
richt;107
rijk;107
rook;107
toor;107
zes;107
hoor;106
logs;106
trom;106
dich;105
fles;105
gla;105
heb;105
rend;105
spraak;105
stands;105
stru;105
tec;105
ria;104
var;104
vee;104
beu;103
club;103
dans;103
hor;103
nij;103
week;103
zing;103
bek;102
bes;102
kies;102
non;102
stoel;102
test;102
zich;102
aar;101
deerd;101
lijs;101
nisch;101
raars;101
wal;101
beurs;100
ceerd;100
cep;100
drijfs;100
nist;100
thee;100
wacht;100
cam;99
diep;99
golf;99
kerst;99
kon;99
lens;99
nuw;99
rood;99
scheeps;99
schui;99
sneeuw;99
doel;98
gangs;98
kast;98
kort;98
pos;98
ret;98
sul;98
ui;98
vrije;98
bruik;97
el;97
heu;97
keld;97
kus;97
laat;97
tand;97
zil;97
arm;96
boot;96
fiets;96
reerd;96
schut;96
set;96
winst;96
zaal;96
zien;96
acht;95
drij;95
fels;95
gees;95
houd;95
leef;95
leen;95
pag;95
san;95
schot;95
trouw;95
vang;95
wek;95
zins;95
cou;94
lier;94
ments;94
plant;94
schei;94
slot;94
staart;94
stor;94
ums;94
zaak;94
bat;93
gar;93
gast;93
gre;93
ject;93
mei;93
pit;93
raam;93
sor;93
spa;93
vrien;93
vuil;93
bod;92
merk;92
mil;92
spin;92
stad;92
stil;92
uur;92
zaad;92
zig;92
zout;92
bro;91
chro;91
dol;91
gal;91
jet;91
kaas;91
pad;91
peer;91
rem;91
schoen;91
som;91
til;91
trein;91
bleem;90
cis;90
dach;90
deu;90
hof;90
meu;90
os;90
paal;90
pol;90
schat;90
schrijf;90
storm;90
toer;90
zwem;90
klein;89
lid;89
rand;89
reu;89
sings;89
tent;89
troe;89
vend;89
volg;89
zings;89
amb;88
ant;88
ener;88
fil;88
his;88
kerd;88
krach;88
plas;88
scherm;88
steek;88
tijds;88
tocht;88
verf;88
bis;87
borst;87
fy;87
gat;87
graaf;87
hoof;87
maag;87
nieuw;87
rap;87
rot;87
rust;87
spaar;87
theek;87
bron;86
draad;86
exa;86
kamp;86
praat;86
prik;86
ram;86
roep;86
sluit;86
staat;86
zicht;86
bril;85
denk;85
draag;85
hin;85
koor;85
luis;85
tekst;85
teld;85
wand;85
zus;85
dac;84
ere;84
oud;84
sier;84
stoor;84
vrucht;84
zeil;84
zwart;84
bier;83
bot;83
ches;83
dik;83
eco;83
fla;83
kran;83
last;83
nees;83
ploeg;83
rek;83
roer;83
schen;83
thuis;83
zor;83
boer;82
boog;82
dia;82
erf;82
kruid;82
lak;82
mus;82
risch;82
spier;82
stoe;82
strand;82
toi;82
trou;82
dok;81
hang;81
jas;81
klem;81
maak;81
peld;81
pet;81
reaus;81
staal;81
vij;81
voed;81
vra;81
warm;81
zwaar;81
fac;80
jaars;80
kij;80
muur;80
roeps;80
spij;80
stuurs;80
vals;80
dou;79
kal;79
klank;79
neo;79
rok;79
sau;79
tail;79
vas;79
vluch;79
vrouw;79
blij;78
chel;78
dak;78
dar;78
diet;78
digd;78
duw;78
graf;78
hak;78
jour;78
kwar;78
luk;78
peu;78
schij;78
zang;78
bond;77
can;77
even;77
hek;77
kje;77
naat;77
ool;77
plicht;77
spon;77
stoot;77
troon;77
wiel;77
wijk;77
dags;76
drag;76
god;76
kloos;76
knip;76
lof;76
pig;76
steun;76
vloei;76
cli;75
ein;75
fonds;75
lom;75
nooi;75
rak;75
schik;75
schop;75
stijl;75
tur;75
vels;75
voel;75
avon;74
log;74
nel;74
schrif;74
sym;74
wes;74
beur;73
daar;73
dor;73
frac;73
fran;73
kroon;73
oer;73
pau;73
trac;73
bels;72
bok;72
bord;72
eren;72
fiet;72
geest;72
gron;72
koel;72
mark;72
meis;72
moei;72
straal;72
streek;72
teu;72
tol;72
vleu;72
blauw;71
bli;71
breed;71
buur;71
doods;71
drin;71
ent;71
kind;71
kip;71
knie;71
kust;71
meld;71
och;71
prak;71
stij;71
vracht;71
cer;70
chen;70
dent;70
kaal;70
nar;70
riet;70
scoop;70
tar;70
wers;70
zei;70
beld;69
daan;69
eet;69
epi;69
klaar;69
krijgs;69
kro;69
krom;69
long;69
maakt;69
pes;69
red;69
roos;69
schrik;69
twin;69
vlek;69
hen;68
kui;68
maand;68
pijp;68
pool;68
rein;68
schiet;68
sprin;68
steld;68
taar;68
tum;68
buik;67
doen;67
duct;67
eus;67
fra;67
grij;67
ham;67
kleed;67
klep;67
mach;67
machts;67
mul;67
oc;67
pijn;67
pil;67
slin;67
spreek;67
vaat;67
vlag;67
zoen;67
et;66
glo;66
hals;66
hi;66
kli;66
koek;66
kwe;66
meet;66
mond;66
moord;66
plak;66
pomp;66
rief;66
sek;66
spring;66
sur;66
wild;66
baarst;65
deld;65
duur;65
gren;65
lamp;65
ogen;65
prin;65
rant;65
sy;65
ther;65
trei;65
waai;65
wi;65
zuch;65
bit;64
blin;64
brei;64
briek;64
buis;64
buurt;64
chris;64
dens;64
koord;64
lied;64
schep;64
schroef;64
tank;64
vies;64
baks;63
cent;63
deo;63
fees;63
hok;63
keur;63
kou;63
krab;63
pleeg;63
py;63
rouw;63
schim;63
schul;63
slan;63
stap;63
sup;63
tau;63
woe;63
blaas;62
broek;62
doek;62
dorps;62
hit;62
huid;62
ide;62
kig;62
klei;62
lai;62
loost;62
macht;62
meerd;62
paard;62
sief;62
tair;62
tijn;62
toch;62
atoom;61
bonds;61
films;61
fun;61
hos;61
hut;61
met;61
mum;61
nas;61
slacht;61
tran;61
zond;61
dic;60
doop;60
doos;60
fijn;60
fre;60
kris;60
lend;60
lok;60
schar;60
schuif;60
slij;60
soor;60
spek;60
wijd;60
ade;59
art;59
bul;59
dwars;59
geel;59
geerd;59
guur;59
haak;59
hul;59
ku;59
lair;59
loofs;59
mal;59
meel;59
nieuws;59
nus;59
oran;59
pal;59
plich;59
poot;59
ski;59
soep;59
stort;59
stui;59
trok;59
vig;59
vloer;59
von;59
gres;58
kost;58
luids;58
moor;58
noord;58
sne;58
voeg;58
wets;58
apo;57
braak;57
darm;57
dijk;57
doc;57
fis;57
fout;57
gle;57
hond;57
klop;57
kri;57
leids;57
nai;57
ori;57
pra;57
qui;57
raads;57
rist;57
sap;57
schaal;57
schoe;57
start;57
tens;57
tram;57
tref;57
vech;57
weef;57
zucht;57
bruin;56
cal;56
cert;56
char;56
daard;56
droom;56
gaar;56
klim;56
misch;56
pom;56
schaak;56
schijf;56
staf;56
team;56
tim;56
vruch;56
zuid;56
adres;55
dun;55
flu;55
iso;55
munt;55
seks;55
show;55
slach;55
soe;55
stig;55
tact;55
tier;55
zaag;55
beid;54
duin;54
get;54
key;54
klin;54
lek;54
leng;54
luid;54
mels;54
niers;54
paas;54
peil;54
ries;54
schel;54
schu;54
smeer;54
spot;54
tak;54
tou;54
tour;54
bren;53
dies;53
dop;53
fok;53
gei;53
grijs;53
gus;53
mest;53
neels;53
ploe;53
room;53
schre;53
sme;53
spron;53
stom;53
teel;53
uren;53
vecht;53
zwe;53
aca;52
ama;52
boord;52
dif;52
fri;52
geu;52
gym;52
il;52
kraan;52
kring;52
kwes;52
leeu;52
que;52
roof;52
saus;52
schild;52
schuld;52
sprek;52
wust;52
zichts;52
aans;51
ag;51
bac;51
dracht;51
form;51
hoef;51
kei;51
kijk;51
kook;51
leeg;51
luks;51
lust;51
nest;51
pand;51
pul;51
rat;51
scheids;51
son;51
spits;51
spra;51
veerd;51
wens;51
zoet;51
bers;50
bles;50
blio;50
dron;50
fon;50
fou;50
gek;50
kik;50
liet;50
lip;50
spoe;50
stoom;50
strijk;50
strip;50
suc;50
tract;50
vechts;50
vu;50
clubs;49
daad;49
drank;49
fin;49
geo;49
herfst;49
iden;49
ir;49
kraam;49
mui;49
pik;49
pros;49
slachts;49
spil;49
vlo;49
zol;49
arts;48
fisch;48
groeps;48
kans;48
kist;48
part;48
pings;48
plu;48
ral;48
rots;48
sal;48
schok;48
sle;48
snoe;48
soort;48
west;48
abon;47
ader;47
angst;47
baard;47
back;47
cio;47
daal;47
drup;47
fing;47
fond;47
heen;47
kes;47
lad;47
mak;47
my;47
niet;47
palm;47
plank;47
quen;47
race;47
ry;47
scheer;47
sein;47
slaan;47
sleep;47
taat;47
ul;47
zijn;47
bid;46
breuk;46
cord;46
dacht;46
drugs;46
glad;46
hier;46
hoc;46
jam;46
lik;46
neet;46
oven;46
pest;46
poort;46
qua;46
raf;46
schuim;46
sfeer;46
smet;46
tant;46
tong;46
worm;46
agen;45
coun;45
das;45
dwang;45
edel;45
foons;45
graan;45
hoed;45
ini;45
lot;45
mod;45
nies;45
nos;45
oxi;45
rid;45
rik;45
schan;45
soon;45
teelt;45
tik;45
tun;45
veen;45
vlam;45
vreem;45
wich;45
cher;44
dre;44
flo;44
gon;44
gou;44
houds;44
inkt;44
keerd;44
kest;44
klie;44
kno;44
laad;44
merd;44
mist;44
naai;44
poei;44
ril;44
schaar;44
sper;44
spui;44
tap;44
vlies;44
vloe;44
zwak;44
zweet;44
aarts;43
chie;43
doch;43
drags;43
fect;43
kis;43
kok;43
kol;43
langs;43
lijf;43
mies;43
moes;43
noe;43
opi;43
pend;43
proe;43
prui;43
rail;43
scheu;43
soons;43
sou;43
sprong;43
stek;43
taak;43
tiel;43
vlin;43
vloed;43
volk;43
web;43
wicht;43
zaamst;43
zind;43
beer;42
bet;42
bont;42
cham;42
clas;42
clo;42
dank;42
dief;42
knop;42
krul;42
lach;42
lat;42
lau;42
loof;42
mend;42
pant;42
pleis;42
pok;42
pries;42
rijst;42
roei;42
sar;42
schuur;42
spor;42
tigd;42
vos;42
apen;41
fos;41
geen;41
gerd;41
gil;41
ine;41
ing;41
kalk;41
krin;41
kwik;41
lem;41
lob;41
mars;41
meng;41
mot;41
nat;41
oost;41
pap;41
rijm;41
rom;41
scherp;41
schouw;41
tijk;41
toet;41
touw;41
vil;41
werkt;41
wing;41
zeep;41
bag;40
balk;40
cle;40
daat;40
feld;40
fluit;40
fruit;40
gier;40
glij;40
graad;40
haag;40
klan;40
kooi;40
lans;40
nut;40
pacht;40
pink;40
plooi;40
prof;40
reo;40
rio;40
sim;40
streep;40
strek;40
strooi;40
vocht;40
zeld;40
zu;40
air;39
blet;39
blind;39
cil;39
cum;39
dal;39
disch;39
echt;39
exe;39
fit;39
foe;39
fris;39
gol;39
hob;39
hooi;39
jar;39
junc;39
klad;39
koorts;39
mop;39
park;39
plex;39
quo;39
rib;39
ros;39
ruil;39
run;39
snip;39
stich;39
tet;39
tret;39
vlas;39
zag;39
beest;38
blus;38
bru;38
doms;38
far;38
goo;38
kaak;38
klo;38
koer;38
krans;38
lent;38
ley;38
lijkt;38
links;38
nach;38
nair;38
nau;38
nee;38
ny;38
reed;38
roest;38
schaam;38
schud;38
sja;38
sterf;38
toen;38
verd;38
vice;38
zwaai;38
zwel;38
zwen;38
adem;37
boy;37
dos;37
drink;37
elf;37
frag;37
gooi;37
ie;37
knol;37
lar;37
luch;37
mit;37
oogst;37
oos;37
peerd;37
perd;37
seld;37
seurs;37
slak;37
spit;37
tucht;37
vac;37
vloot;37
zaai;37
alarm;36
ani;36
baas;36
beet;36
bood;36
bud;36
drop;36
end;36
fiel;36
fol;36
gaai;36
hoen;36
knal;36
lijm;36
lum;36
mand;36
moer;36
nieu;36
nik;36
pens;36
rock;36
scheur;36
schoor;36
seur;36
slecht;36
slis;36
spuit;36
toets;36
treer;36
voog;36
vouw;36
vries;36
waan;36
waarts;36
weeg;36
zoeks;36
aap;35
bees;35
bracht;35
buf;35
chan;35
flik;35
fron;35
front;35
grie;35
gru;35
hoest;35
hoop;35
jan;35
klaag;35
klier;35
norm;35
oli;35
pec;35
rest;35
rum;35
schenk;35
slip;35
speeld;35
staar;35
suf;35
tac;35
theo;35
twij;35
un;35
veau;35
voegd;35
vui;35
wings;35
zels;35
zwij;35
beurt;34
boon;34
brieks;34
chaams;34
dijn;34
drach;34
drift;34
drukt;34
fir;34
flat;34
geur;34
haard;34
hap;34
heim;34
knoop;34
kraak;34
leefd;34
legd;34
lons;34
pisch;34
ramp;34
rijn;34
sant;34
schaats;34
smaak;34
snor;34
strook;34
twaalf;34
ur;34
wip;34
zou;34
zwam;34
boei;33
broed;33
cier;33
deeld;33
eva;33
haald;33
joe;33
koei;33
kwel;33
liers;33
lim;33
lisch;33
loe;33
nend;33
nets;33
oes;33
plet;33
ploi;33
pluim;33
plus;33
pols;33
rub;33
sce;33
spoel;33
staaf;33
sterk;33
stroop;33
tam;33
tek;33
thi;33
toir;33
tons;33
tras;33
twist;33
us;33
vangst;33
voch;33
weel;33
ya;33
zem;33
aards;32
best;32
bijt;32
bleek;32
blijf;32
boet;32
bruids;32
chis;32
chu;32
dant;32
drug;32
duik;32
eis;32
eve;32
fal;32
gok;32
gran;32
haai;32
heers;32
jong;32
jus;32
kit;32
krie;32
lel;32
leo;32
leur;32
mol;32
mug;32
mun;32
noem;32
poor;32
pur;32
rels;32
split;32
spro;32
stie;32
strui;32
tang;32
vriend;32
woes;32
wraak;32
zwan;32
aat;31
blau;31
chief;31
daag;31
dil;31
drem;31
drui;31
edi;31
frau;31
grip;31
heel;31
juf;31
kee;31
koud;31
kwan;31
kweek;31
lint;31
lul;31
maf;31
mant;31
naald;31
neem;31
ree;31
reel;31
rim;31
rup;31
spar;31
spoed;31
spook;31
sproei;31
taan;31
taart;31
tip;31
tist;31
tool;31
wend;31
wig;31
zacht;31
agent;30
ai;30
bab;30
berd;30
bliek;30
caat;30
ero;30
evo;30
flui;30
gij;30
gio;30
gul;30
heem;30
hip;30
hop;30
korps;30
kreu;30
kron;30
lac;30
plei;30
pud;30
sam;30
schroe;30
shop;30
sma;30
snuf;30
spat;30
splin;30
stijf;30
stik;30
stook;30
tex;30
tha;30
tril;30
voers;30
zier;30
zink;30
ara;29
bloei;29
bob;29
bouwd;29
box;29
cock;29
eta;29
fai;29
glans;29
honk;29
kaan;29
kak;29
kalfs;29
klets;29
klui;29
knap;29
knecht;29
krij;29
lift;29
lio;29
lunch;29
mast;29
mou;29
nek;29
obli;29
oce;29
pees;29
plech;29
rad;29
riem;29
schor;29
slijm;29
smok;29
snoei;29
speld;29
spijs;29
spreks;29
staand;29
stip;29
stoof;29
sum;29
tast;29
treu;29
treur;29
trisch;29
vent;29
vreemd;29
waard;29
ziel;29
zijns;29
bons;28
brok;28
bruiks;28
clus;28
dex;28
drei;28
eust;28
flap;28
free;28
gent;28
giet;28
heil;28
hoorn;28
hoorns;28
job;28
knik;28
kren;28
krijt;28
kwart;28
leed;28
loods;28
look;28
maxi;28
nul;28
ok;28
pijl;28
pret;28
prop;28
rier;28
schaaf;28
sio;28
stren;28
trau;28
voels;28
wichts;28
alt;27
big;27
blaad;27
blo;27
boks;27
cot;27
duis;27
eli;27
fat;27
feer;27
grauw;27
head;27
helm;27
hom;27
ig;27
klom;27
klon;27
kne;27
kneu;27
korf;27
kot;27
luxe;27
naas;27
nant;27
noor;27
ot;27
plek;27
prul;27
rang;27
schikt;27
schom;27
schuil;27
slap;27
snap;27
soft;27
sprook;27
star;27
struik;27
suk;27
traan;27
tricts;27
tut;27
vorst;27
vro;27
want;27
ziels;27
aders;26
aqua;26
brom;26
buut;26
chef;26
chloor;26
ego;26
emi;26
equi;26
flec;26
gids;26
giers;26
gloei;26
gom;26
has;26
jak;26
keel;26
knech;26
kuil;26
loot;26
lop;26
pijt;26
ruk;26
schuit;26
shows;26
sje;26
slang;26
soen;26
stei;26
sump;26
taxi;26
toxi;26
tree;26
tuum;26
up;26
vaan;26
vrees;26
waak;26
wee;26
zwar;26
aas;25
ambts;25
ame;25
amu;25
blieks;25
boxen;25
breek;25
breu;25
burg;25
caal;25
cap;25
cept;25
chefs;25
etap;25
fas;25
feuil;25
gooid;25
grof;25
haas;25
hecht;25
kaf;25
kwak;25
lect;25
moed;25
mut;25
naakt;25
ora;25
pei;25
pons;25
pracht;25
puz;25
schaf;25
scheef;25
scheep;25
schets;25
schied;25
schof;25
sfe;25
sluis;25
snot;25
staans;25
stin;25
troos;25
trot;25
tums;25
vod;25
vreug;25
vroeg;25
weld;25
worst;25
woud;25
wre;25
zot;25
zwaard;25
zwerf;25
ae;24
bijn;24
board;24
borg;24
bum;24
clu;24
cros;24
cuit;24
deau;24
dres;24
eur;24
fee;24
fij;24
geef;24
gri;24
gy;24
jurk;24
kaars;24
kaat;24
klau;24
knob;24
kous;24
kramp;24
kras;24
kroe;24
lit;24
maai;24
mam;24
mooi;24
muis;24
mys;24
out;24
ovens;24
pam;24
pluk;24
reid;24
rob;24
roes;24
sisch;24
slik;24
sloop;24
sluip;24
sprei;24
stuw;24
thie;24
tic;24
troost;24
wolk;24
wrij;24
zoon;24
zweef;24
ano;23
ato;23
bands;23
buig;23
cheer;23
chels;23
chlo;23
clau;23
dob;23
dog;23
down;23
draaid;23
dran;23
dren;23
eerst;23
evan;23
ezels;23
faat;23
grap;23
grif;23
haan;23
heet;23
hem;23
jach;23
jazz;23
jou;23
jur;23
knij;23
kram;23
lets;23
moet;23
moon;23
muts;23
nage;23
nauw;23
nels;23
nep;23
ness;23
nia;23
niem;23
noeu;23
oord;23
oren;23
pep;23
pronk;23
reik;23
scan;23
sens;23
slaaf;23
slib;23
sluik;23
steel;23
step;23
taard;23
treerd;23
trip;23
trui;23
uri;23
vaarts;23
vist;23
vla;23
wim;23
zat;23
zets;23
als;22
aman;22
ate;22
bam;22
biel;22
blon;22
bridge;22
chaam;22
daags;22
drang;22
duim;22
duo;22
ede;22
ering;22
fet;22
flict;22
flits;22
gaat;22
gaf;22
gist;22
goot;22
greep;22
groeid;22
gui;22
haat;22
heup;22
ideo;22
jart;22
kleer;22
klik;22
kocht;22
krib;22
krot;22
kwaad;22
lant;22
lia;22
lif;22
lor;22
maas;22
miet;22
mouw;22
prut;22
ques;22
quet;22
rai;22
reur;22
roy;22
sab;22
schelp;22
slijp;22
sna;22
snoer;22
stief;22
stol;22
stuurd;22
teams;22
trooi;22
truc;22
turf;22
vaal;22
vlot;22
vlug;22
voerd;22
zags;22
adop;21
broei;21
caan;21
chet;21
cric;21
deeg;21
dems;21
dorp;21
dril;21
druip;21
dum;21
dwaal;21
emis;21
fail;21
flex;21
fluis;21
frans;21
grijp;21
gros;21
gum;21
home;21
honds;21
klach;21
knup;21
kraai;21
kruit;21
kuit;21
kuur;21
kwi;21
kwis;21
leis;21
lep;21
liek;21
luik;21
mail;21
mais;21
map;21
mom;21
muil;21
nent;21
noeg;21
pakt;21
pat;21
piep;21
punc;21
rijg;21
rijp;21
rod;21
roem;21
sas;21
schand;21
schet;21
schra;21
schrok;21
sef;21
sep;21
slee;21
smel;21
stemd;21
suur;21
trech;21
troen;21
tron;21
trouil;21
turn;21
tuut;21
vest;21
vlech;21
vlooi;21
vuist;21
waag;21
wat;21
werf;21
wolfs;21
abor;20
bind;20
bloot;20
bour;20
chauf;20
dee;20
dit;20
drum;20
echo;20
enig;20
erd;20
eti;20
gaand;20
gans;20
gips;20
griep;20
hands;20
held;20
hemd;20
idi;20
klaas;20
kluis;20
krant;20
leem;20
loo;20
loy;20
match;20
mier;20
nun;20
oens;20
ove;20
pee;20
perk;20
pies;20
plom;20
poets;20
preek;20
puin;20
raak;20
rangs;20
rur;20
schroot;20
schub;20
scrip;20
sit;20
slech;20
slob;20
snoep;20
sors;20
sound;20
syl;20
taald;20
tanks;20
thon;20
tiefst;20
tom;20
vork;20
waad;20
wad;20
weers;20
woel;20
wus;20
zalf;20
zuig;20
ast;19
baal;19
bars;19
braad;19
brain;19
brek;19
cheerd;19
chip;19
cup;19
damp;19
dooi;19
duwd;19
dwerg;19
ech;19
eeu;19
eman;19
ferd;19
fia;19
fic;19
fings;19
gaal;19
hakt;19
heils;19
hyp;19
idee;19
kick;19
kiem;19
kil;19
klet;19
kolf;19
kruk;19
kurk;19
kwas;19
kwin;19
laan;19
miek;19
mik;19
nal;19
neur;19
not;19
pim;19
plof;19
plun;19
pou;19
pren;19
psal;19
psalm;19
pus;19
rab;19
reuk;19
rijs;19
ruit;19
saf;19
saxo;19
scheid;19
sci;19
smal;19
spaan;19
speur;19
spreu;19
stels;19
steu;19
trof;19
trog;19
type;19
veil;19
vlok;19
ware;19
wees;19
welf;19
wond;19
yo;19
zal;19
asiel;18
blond;18
bout;18
buil;18
cijn;18
dail;18
deurs;18
diend;18
dons;18
dors;18
droe;18
drog;18
ec;18
eng;18
eurs;18
feerd;18
fend;18
got;18
guer;18
hech;18
hot;18
ings;18
ist;18
klun;18
knoei;18
knok;18
knor;18
knot;18
knut;18
lein;18
line;18
lou;18
luw;18
mai;18
merg;18
meur;18
mok;18
noemd;18
noom;18
piet;18
pjes;18
pof;18
poo;18
praal;18
prent;18
pseu;18
raap;18
riek;18
roet;18
rog;18
rooi;18
sak;18
sca;18
schaat;18
schal;18
schol;18
schoot;18
seg;18
siers;18
slam;18
slen;18
spu;18
teen;18
tle;18
tof;18
traal;18
trak;18
trend;18
trol;18
tru;18
uil;18
voud;18
vrach;18
vrie;18
zalm;18
zegd;18
zocht;18
all;17
ami;17
aus;17
baat;17
berm;17
blie;17
bool;17
bras;17
breng;17
brij;17
cau;17
cet;17
ciers;17
dea;17
duif;17
dwa;17
dwin;17
eend;17
emo;17
exem;17
ezel;17
fak;17
fau;17
flod;17
fut;17
gid;17
gift;17
gli;17
good;17
gos;17
groet;17
gunst;17
haast;17
hijs;17
hoogst;17
house;17
io;17
jun;17
kauw;17
kiel;17
klink;17
knechts;17
knuf;17
kraag;17
kreet;17
kreuk;17
laatst;17
leurs;17
nuch;17
ooi;17
plaag;17
plein;17
plexen;17
plot;17
poes;17
pui;17
raals;17
rent;17
rof;17
rund;17
sanc;17
say;17
sems;17
sjer;17
slim;17
sloot;17
smelt;17
sov;17
spik;17
spreuk;17
stee;17
stift;17
stoet;17
stroomd;17
taxa;17
thisch;17
tiers;17
tros;17
try;17
uti;17
vilt;17
vink;17
vlei;17
vraagd;17
wrich;17
wricht;17
zens;17
zool;17
zweer;17
zwer;17
ado;16
ambt;16
and;16
apos;16
azijn;16
base;16
beds;16
biecht;16
biet;16
bluf;16
boed;16
boos;16
check;16
cies;16
cog;16
dat;16
dekt;16
doof;16
doorn;16
dot;16
erts;16
flic;16
gaas;16
glet;16
gril;16
grot;16
gua;16
hec;16
jaag;16
kab;16
kite;16
korp;16
krap;16
kroeg;16
kwarts;16
lol;16
looi;16
lots;16
maar;16
moeds;16
naad;16
nam;16
niets;16
off;16
ozon;16
play;16
plui;16
poet;16
poin;16
praan;16
rants;16
romp;16
rooms;16
ruis;16
ruw;16
schimp;16
schon;16
schraap;16
schreeuw;16
schuw;16
send;16
sham;16
sik;16
song;16
soul;16
spreid;16
sprint;16
stamp;16
sticht;16
stier;16
stops;16
stran;16
streng;16
stress;16
strik;16
stunt;16
sty;16
sug;16
tans;16
tein;16
tests;16
time;16
toom;16
trant;16
trapt;16
tric;16
tul;16
vit;16
vle;16
vooi;16
wak;16
weid;16
welds;16
wijf;16
wrak;16
zab;16
zach;16
zeer;16
zwijn;16
afri;15
agro;15
ali;15
are;15
beerd;15
boel;15
break;15
brengst;15
brod;15
coo;15
crip;15
cross;15
dul;15
eed;15
eens;15
eten;15
eter;15
exis;15
fax;15
fei;15
flauw;15
flit;15
frie;15
gaans;15
gam;15
glu;15
graat;15
grim;15
grind;15
heng;15
hoes;15
hun;15
ico;15
ijk;15
joen;15
kets;15
klauw;15
kleef;15
koet;15
koets;15
kookt;15
krop;15
kwaam;15
ky;15
lexi;15
lic;15
link;15
low;15
mix;15
mof;15
nais;15
nap;15
neurs;15
nil;15
olym;15
oom;15
oot;15
past;15
piek;15
pleit;15
raan;15
reus;15
rijd;15
rold;15
ruch;15
ruig;15
saal;15
schaft;15
schrob;15
schuts;15
seis;15
sjo;15
speer;15
stolp;15
stond;15
stou;15
straald;15
streef;15
stuit;15
takt;15
tants;15
tat;15
tob;15
tooi;15
trim;15
tuums;15
viel;15
waaid;15
waart;15
wiek;15
woens;15
work;15
zant;15
zoog;15
zuil;15
zuim;15
ane;14
beat;14
bert;14
bik;14
bits;14
blan;14
bouil;14
cheo;14
chy;14
dauw;14
det;14
deugd;14
dist;14
dof;14
doorns;14
duf;14
duits;14
ether;14
ety;14
exo;14
flan;14
flau;14
folk;14
fop;14
friet;14
from;14
glos;14
grips;14
had;14
haf;14
hars;14
harts;14
heg;14
hoord;14
ige;14
ijl;14
ita;14
jor;14
kerds;14
kib;14
klip;14
kloot;14
klus;14
knel;14
knof;14
koks;14
kont;14
koos;14
kuip;14
kuis;14
kur;14
kwab;14
kwal;14
lab;14
laf;14
lease;14
leb;14
lod;14
naak;14
naals;14
naats;14
niks;14
nim;14
omf;14
pach;14
pact;14
peet;14
ploer;14
prins;14
prog;14
reeks;14
scherf;14
schrap;14
schreeu;14
search;14
seu;14
sho;14
shut;14
sia;14
ske;14
slijt;14
smeed;14
snoo;14
splijt;14
spoeld;14
spons;14
stapt;14
steil;14
stick;14
stoep;14
tach;14
tain;14
talk;14
trouwd;14
unie;14
vaard;14
veeg;14
veu;14
vic;14
vip;14
vloek;14
wils;14
zeef;14
zeem;14
zeild;14
ziend;14
zif;14
acro;13
aids;13
aro;13
ave;13
baans;13
bachts;13
bais;13
ball;13
bisch;13
blou;13
bof;13
brou;13
bulk;13
bull;13
card;13
cheld;13
chips;13
cour;13
cours;13
cryp;13
cult;13
deug;13
dins;13
drif;13
dys;13
ega;13
etens;13
eters;13
ezie;13
feil;13
fier;13
flam;13
flip;13
foor;13
gly;13
graag;13
grom;13
grut;13
hup;13
ima;13
jaagd;13
jac;13
jut;13
kaats;13
kau;13
kid;13
klomp;13
knipt;13
krank;13
krim;13
kwaal;13
kwast;13
kwet;13
kwijt;13
laas;13
laats;13
lah;13
lea;13
lijkst;13
mac;13
mein;13
mors;13
mous;13
nals;13
nierd;13
nop;13
peut;13
poel;13
pulp;13
raakt;13
roerd;13
schaars;13
scheurd;13
schijt;13
schops;13
sea;13
see;13
sha;13
short;13
sist;13
sjor;13
slok;13
smeek;13
sneu;13
snui;13
sop;13
stag;13
stink;13
strak;13
stront;13
surf;13
tee;13
teins;13
thou;13
tio;13
trail;13
troef;13
twis;13
veaus;13
viet;13
view;13
vind;13
vir;13
vloeid;13
vuld;13
wag;13
wam;13
watt;13
weet;13
wrichts;13
wurg;13
zeu;13
zits;13
zoens;13
zooi;13
zwol;13
adel;12
agi;12
agres;12
ang;12
baars;12
bang;12
bies;12
bir;12
blijfs;12
boeg;12
boo;12
bots;12
chas;12
chers;12
cin;12
coif;12
cons;12
coup;12
cow;12
craat;12
derf;12
dijs;12
dram;12
dri;12
drieg;12
duld;12
dwar;12
eeuw;12
epis;12
exer;12
feu;12
flak;12
flexi;12
gaaf;12
gant;12
gem;12
grach;12
gruis;12
houw;12
jack;12
jeu;12
kaap;12
kleurd;12
knijp;12
knoopt;12
koot;12
kriel;12
krik;12
kruip;12
kwets;12
lex;12
ligd;12
loch;12
maats;12
main;12
mem;12
merkt;12
moeid;12
naast;12
nairs;12
nijn;12
nok;12
nors;12
olijf;12
one;12
oogd;12
paars;12
paf;12
perst;12
pic;12
pist;12
plaatst;12
plug;12
poc;12
poep;12
pont;12
pruim;12
rac;12
rag;12
schaaps;12
scheld;12
schit;12
schoei;12
sjoe;12
sjou;12
sloe;12
smart;12
smid;12
smoor;12
sno;12
snoek;12
soi;12
spren;12
spriet;12
sprok;12
spruit;12
spuug;12
sterd;12
taals;12
tab;12
taks;12
tern;12
tia;12
tijns;12
tikt;12
tint;12
tive;12
toog;12
trict;12
tris;12
trots;12
tuch;12
uto;12
vaars;12
vijl;12
voogd;12
vormd;12
wolf;12
wou;12
wrin;12
zakt;12
zeik;12
zeur;12
zip;12
zons;12
zoons;12
zorgd;12
aalst;11
alar;11
alen;11
apa;11
apart;11
ape;11
arends;11
backs;11
beuk;11
bief;11
bijl;11
blaar;11
blaf;11
blas;11
boys;11
brak;11
breid;11
brons;11
broom;11
bums;11
busi;11
caans;11
cao;11
case;11
chee;11
doem;11
dorst;11
drol;11
due;11
duit;11
dump;11
dut;11
ek;11
elas;11
els;11
fik;11
flats;11
fle;11
flet;11
flin;11
fluc;11
foei;11
fooi;11
frou;11
galm;11
gig;11
glim;11
goal;11
grims;11
harp;11
hoeks;11
hoer;11
huil;11
hum;11
huw;11
jer;11
ji;11
jobs;11
kalf;11
klacht;11
klant;11
klis;11
klont;11
kloof;11
klos;11
kna;11
knab;11
knib;11
knots;11
koen;11
korst;11
kreef;11
lag;11
lams;11
lee;11
loer;11
lun;11
lut;11
mau;11
naams;11
nio;11
noen;11
nol;11
paus;11
pech;11
pick;11
plis;11
poen;11
poos;11
prag;11
prai;11
pron;11
pru;11
queer;11
rails;11
rect;11
rucht;11
rukt;11
rups;11
ryn;11
sand;11
scep;11
scheel;11
scheen;11
schooi;11
schors;11
schrom;11
sculp;11
shock;11
shops;11
sij;11
sil;11
sjen;11
skate;11
smij;11
spleet;11
spray;11
stak;11
steed;11
stelt;11
stomp;11
stormd;11
strom;11
strop;11
stuif;11
stuip;11
taarns;11
tag;11
tinc;11
trast;11
tsa;11
ura;11
vangs;11
visch;11
vlij;11
voi;11
vot;11
waal;11
worp;11
wrik;11
xe;11
zijds;11
zoom;11
zwach;11
zweep;11
zwie;11
aars;10
amen;10
aren;10
athe;10
baai;10
bald;10
bekt;10
bloc;10
bold;10
bret;10
broer;10
brouw;10
cake;10
cee;10
cem;10
chat;10
chise;10
cijns;10
cist;10
clan;10
clip;10
coa;10
cords;10
deels;10
deem;10
deks;10
dim;10
dreu;10
eb;10
ee;10
egyp;10
emul;10
ence;10
epo;10
feit;10
fiek;10
fist;10
fort;10
four;10
fraai;10
fret;10
fries;10
gaard;10
geit;10
ghurt;10
glit;10
glot;10
gons;10
graads;10
grand;10
hasj;10
haus;10
hexa;10
high;10
hoos;10
hym;10
iro;10
isch;10
ische;10
kaai;10
kees;10
kien;10
kier;10
klaard;10
klam;10
klapt;10
kled;10
klod;10
kneed;10
kroes;10
kud;10
kuif;10
kut;10
lict;10
liefd;10
lijnd;10
lofts;10
lokt;10
lub;10
lym;10
lyp;10
maans;10
meest;10
meid;10
mijt;10
mons;10
mout;10
nak;10
nea;10
nei;10
ney;10
nijl;10
nuts;10
paald;10
paan;10
pac;10
pass;10
pauw;10
pect;10
plakt;10
plee;10
pompt;10
pong;10
pots;10
puis;10
puk;10
puls;10
punk;10
rees;10
reisd;10
rijkst;10
rits;10
ruimd;10
schoold;10
schopt;10
schrei;10
schrijn;10
schroom;10
schuin;10
semd;10
sent;10
sins;10
sleept;10
slier;10
slof;10
smak;10
smar;10
smoe;10
smul;10
space;10
spas;10
spee;10
splij;10
sprink;10
stage;10
stank;10
sticks;10
stif;10
stinct;10
stock;10
stoord;10
stopt;10
stun;10
tok;10
trach;10
trust;10
vaag;10
valk;10
vard;10
vlier;10
voy;10
vroe;10
vum;10
wals;10
whis;10
wijl;10
wilg;10
winds;10
wur;10
zis;10
zwab;10
zwik;10
zwin;10
zwo;10
adap;9
ago;9
aris;9
baak;9
balt;9
barm;9
bib;9
bijs;9
blank;9
boards;9
boch;9
bods;9
bow;9
braam;9
bral;9
brem;9
brul;9
bult;9
cards;9
cast;9
ceel;9
ceen;9
cern;9
cest;9
checkt;9
dance;9
dip;9
disk;9
doom;9
dras;9
droef;9
dweep;9
dweil;9
erin;9
erwt;9
ets;9
face;9
fait;9
feur;9
flank;9
fox;9
geil;9
gerst;9
gha;9
glaas;9
glan;9
gour;9
graal;9
griend;9
groef;9
halm;9
hees;9
helft;9
hie;9
hij;9
hoops;9
imi;9
iri;9
ivoor;9
jat;9
jen;9
jeuk;9
joc;9
jog;9
jonk;9
jons;9
juich;9
jum;9
kamd;9
kelk;9
kiep;9
kinds;9
klemd;9
kler;9
knak;9
knet;9
kniel;9
koort;9
kreeft;9
kwij;9
leus;9
luut;9
maz;9
mek;9
mep;9
mur;9
naaid;9
nac;9
nae;9
new;9
nic;9
nigd;9
nip;9
nir;9
nue;9
nyl;9
ova;9
ped;9
plag;9
plens;9
ploy;9
prac;9
preg;9
prie;9
puf;9
queerd;9
quent;9
quil;9
raai;9
rans;9
rau;9
rauw;9
reek;9
riers;9
ror;9
sail;9
schaafd;9
schaap;9
scham;9
schoft;9
schoots;9
schraag;9
schreef;9
schroefd;9
schroei;9
scru;9
seel;9
sets;9
shes;9
sid;9
siet;9
sjok;9
slon;9
slun;9
smaad;9
smou;9
snaar;9
snab;9
snik;9
sok;9
sour;9
speed;9
speen;9
spet;9
sple;9
stang;9
stiel;9
stoei;9
ston;9
strac;9
struis;9
stul;9
stum;9
stut;9
sud;9
surft;9
teau;9
term;9
tesk;9
tiem;9
tiest;9
tog;9
tos;9
traps;9
truf;9
trus;9
u;9
usur;9
vec;9
verfd;9
via;9
vloch;9
vue;9
wenk;9
wier;9
wrat;9
wrijf;9
wron;9
zems;9
zerd;9
zuip;9
zwijg;9
abri;8
april;8
axi;8
baad;8
bals;8
bast;8
bauxiet;8
beend;8
bef;8
bent;8
beurd;8
bieds;8
biek;8
bint;8
blee;8
blun;8
boes;8
boots;8
bree;8
broers;8
brow;8
bryo;8
bub;8
buit;8
but;8
call;8
cat;8
ceu;8
chal;8
chec;8
chon;8
chroom;8
ciet;8
coach;8
coat;8
corps;8
count;8
creet;8
cuul;8
cuur;8
dachts;8
dai;8
dap;8
desk;8
does;8
drai;8
dring;8
drive;8
drives;8
dronk;8
droogd;8
duid;8
dwe;8
dwon;8
eelst;8
elec;8
eo;8
epen;8
epos;8
erw;8
etis;8
fair;8
falt;8
fants;8
fast;8
feurs;8
fies;8
fig;8
fine;8
fleu;8
flop;8
food;8
fraan;8
fram;8
freu;8
frus;8
funk;8
gaafd;8
game;8
gau;8
gies;8
glip;8
gloed;8
glui;8
goog;8
gors;8
gracht;8
grau;8
greer;8
grijn;8
gris;8
gue;8
hert;8
hes;8
hiv;8
hold;8
huif;8
huurd;8
ia;8
ici;8
idio;8
jauw;8
jicht;8
joy;8
kapt;8
kiek;8
klopt;8
knar;8
kod;8
koes;8
krak;8
krast;8
krimp;8
kwee;8
lakt;8
leend;8
lef;8
liep;8
lines;8
loei;8
loen;8
loofd;8
loops;8
maals;8
meeuw;8
mengd;8
meo;8
moot;8
morf;8
moun;8
muf;8
nens;8
nich;8
niel;8
nijd;8
nons;8
nuf;8
ona;8
ooms;8
peen;8
pein;8
perkt;8
pia;8
pikt;8
plecht;8
plichts;8
prot;8
puist;8
quaes;8
racet;8
rank;8
rasp;8
ray;8
reep;8
rif;8
risk;8
road;8
roemd;8
rons;8
rookt;8
rul;8
rums;8
sai;8
scal;8
scene;8
schach;8
schalk;8
schamp;8
schier;8
schis;8
schnab;8
schraal;8
schrab;8
schran;8
schurk;8
screen;8
script;8
sert;8
shopt;8
siefst;8
sjoel;8
sliep;8
slijk;8
smids;8
smik;8
smo;8
smol;8
smout;8
sneb;8
snee;8
sneld;8
snow;8
snuit;8
songs;8
sons;8
soof;8
soom;8
sorp;8
sous;8
sprays;8
staak;8
stookt;8
stout;8
stram;8
stres;8
symp;8
tals;8
tape;8
terst;8
thai;8
thril;8
thy;8
traat;8
trijs;8
trix;8
trut;8
tune;8
uru;8
vein;8
vert;8
vierd;8
vlaams;8
voeld;8
vond;8
vors;8
vres;8
vroed;8
wap;8
way;8
wenst;8
werps;8
wipt;8
woond;8
wreed;8
ye;8
yon;8
zaagd;8
zegs;8
zift;8
zwaaid;8
zwom;8
aai;7
aam;7
aats;7
abo;7
ace;7
achil;7
ademd;7
aga;7
ajuin;7
ake;7
anek;7
arend;7
atro;7
bap;7
bats;7
bea;7
beau;7
bench;7
blikt;7
blues;7
boar;7
bocht;7
boekt;7
boen;7
brail;7
breer;7
breerd;7
bros;7
bruikt;7
buk;7
cad;7
cars;7
cein;7
chot;7
cia;7
cos;7
crac;7
crost;7
crou;7
cru;7
cue;7
cums;7
cys;7
dair;7
dams;7
danst;7
dart;7
date;7
dau;7
deaus;7
dei;7
dents;7
doeld;7
dolk;7
doog;7
draafd;7
draal;7
draat;7
drib;7
drom;7
druil;7
duurd;7
dwaas;7
eclip;7
edu;7
eek;7
eelt;7
egel;7
eik;7
eja;7
ema;7
email;7
ene;7
equa;7
erar;7
ert;7
est;7
exit;7
exor;7
faal;7
fietst;7
flad;7
flash;7
fleg;7
forms;7
frap;7
fric;7
frut;7
fus;7
gee;7
geet;7
gein;7
giek;7
girl;7
glin;7
gluur;7
gno;7
grab;7
greerd;7
grensd;7
griet;7
grui;7
guy;7
hans;7
hat;7
hea;7
helf;7
help;7
het;7
hield;7
hil;7
hurk;7
icum;7
ins;7
jid;7
juist;7
keep;7
kem;7
kerf;7
keurs;7
kiers;7
kiet;7
klak;7
kliek;7
klit;7
klu;7
koeks;7
koeld;7
kraal;7
krat;7
krijg;7
kweb;7
laagd;7
langd;7
langst;7
lapt;7
laut;7
lauw;7
laxa;7
leuk;7
likt;7
lil;7
linkt;7
lips;7
loons;7
lost;7
lur;7
meeu;7
merds;7
meurs;7
mir;7
moen;7
naamd;7
nec;7
nish;7
nof;7
ocu;7
oker;7
ore;7
pans;7
pek;7
peur;7
pits;7
piz;7
place;7
plen;7
ploegd;7
pneu;7
poetst;7
pools;7
prei;7
priem;7
prikt;7
print;7
pris;7
pruts;7
puik;7
pum;7
raas;7
rair;7
reg;7
ried;7
roc;7
roen;7
saam;7
saat;7
schaamd;7
scheept;7
schend;7
schept;7
scherts;7
scheut;7
schools;7
schro;7
schulp;7
scu;7
shake;7
shi;7
shirt;7
shot;7
side;7
sierd;7
sign;7
skee;7
skel;7
slod;7
slor;7
smeerd;7
smeu;7
smuk;7
snoerd;7
snuif;7
snuis;7
sort;7
souf;7
spaak;7
spaans;7
speech;7
speu;7
spied;7
spran;7
stelp;7
stens;7
stic;7
streept;7
strekt;7
strem;7
strooid;7
stuwd;7
taai;7
tails;7
then;7
tiet;7
tit;7
tolk;7
toond;7
trij;7
troons;7
troop;7
truck;7
trums;7
tuf;7
tuigd;7
tuk;7
typt;7
vaas;7
vam;7
veegd;7
verst;7
vlaag;7
vlecht;7
voets;7
volgd;7
vreer;7
vrek;7
wang;7
ward;7
wau;7
weekt;7
wesp;7
will;7
wist;7
woest;7
wri;7
ziens;7
zoch;7
zuurd;7
afro;6
agra;6
ale;6
alu;6
ameu;6
amoe;6
amor;6
anijs;6
arg;6
ari;6
arn;6
aso;6
ata;6
auc;6
avan;6
azi;6
balts;6
bau;6
bee;6
belt;6
bend;6
beul;6
beun;6
bleer;6
blen;6
blis;6
blub;6
boerd;6
boxer;6
bruis;6
brus;6
buds;6
bug;6
cac;6
cents;6
chien;6
chist;6
choice;6
chry;6
cien;6
ciens;6
claim;6
claxon;6
coc;6
comp;6
crawl;6
crowd;6
cruise;6
daagd;6
datet;6
deed;6
dern;6
dhis;6
diers;6
dool;6
doors;6
douw;6
draads;6
drachts;6
draf;6
dreef;6
dros;6
druif;6
durf;6
dwing;6
eder;6
eders;6
elen;6
elo;6
emen;6
eteit;6
ever;6
exal;6
eze;6
fans;6
fant;6
flens;6
flexie;6
floer;6
flon;6
fouil;6
frik;6
frouw;6
fuif;6
ful;6
full;6
gaars;6
gap;6
gauw;6
ghet;6
girls;6
glib;6
glooi;6
gnos;6
gord;6
gouw;6
grant;6
green;6
grei;6
grijns;6
grill;6
grin;6
gut;6
hemds;6
hengst;6
herts;6
heug;6
hiel;6
hik;6
hoep;6
hoopt;6
hus;6
hys;6
ido;6
ite;6
jacks;6
jeans;6
jok;6
jol;6
jood;6
joor;6
jui;6
juk;6
kaans;6
kalkt;6
kants;6
karn;6
kauwd;6
kieuw;6
kijn;6
kink;6
klaagd;6
klag;6
klamp;6
klef;6
kles;6
klup;6
knaap;6
kolk;6
kriek;6
kru;6
kruik;6
kund;6
kwam;6
laak;6
laans;6
lae;6
leet;6
leust;6
light;6
lijns;6
live;6
load;6
lonk;6
lows;6
luim;6
maagd;6
mijl;6
mijls;6
mild;6
mio;6
mits;6
mixen;6
mixt;6
mooie;6
mops;6
naan;6
nail;6
neb;6
nick;6
nikt;6
nimf;6
nink;6
noes;6
noi;6
note;6
nues;6
oa;6
ogi;6
ogig;6
paai;6
paap;6
paint;6
perds;6
pert;6
peul;6
pien;6
plaar;6
plans;6
plau;6
plaus;6
pleet;6
pleu;6
plomp;6
point;6
points;6
ponds;6
pran;6
preu;6
profs;6
punts;6
quar;6
quiz;6
reb;6
reikt;6
rekt;6
remd;6
rep;6
rien;6
rijmd;6
rip;6
roop;6
ruild;6
safe;6
sars;6
sax;6
schacht;6
schans;6
schelm;6
schich;6
schnit;6
schort;6
schouwd;6
schur;6
scoo;6
scrab;6
sees;6
sex;6
shen;6
sic;6
siek;6
sjaal;6
sji;6
ska;6
skie;6
sky;6
slab;6
slikt;6
snib;6
snijd;6
soap;6
soens;6
sof;6
soig;6
splits;6
spoi;6
sprie;6
sproe;6
sput;6
squash;6
stant;6
state;6
stern;6
stipt;6
stone;6
stoomd;6
stot;6
straft;6
stron;6
strub;6
style;6
suis;6
taarn;6
taxo;6
taxus;6
teak;6
tease;6
tect;6
teus;6
teut;6
tot;6
track;6
train;6
traind;6
trin;6
trio;6
trucs;6
tuit;6
tulp;6
tuurd;6
ure;6
vans;6
views;6
vlaai;6
vlet;6
volkt;6
volt;6
vonk;6
vraat;6
vut;6
wald;6
warmd;6
wave;6
weck;6
wic;6
wied;6
wijt;6
wroe;6
xis;6
yup;6
zap;6
zeel;6
zom;6
zuin;6
zul;6
zwal;6
zwerm;6
zy;6
aban;5
acu;5
afa;5
amal;5
ans;5
arc;5
aru;5
asie;5
azen;5
azuur;5
bach;5
bakt;5
beek;5
beig;5
bic;5
biech;5
bike;5
bing;5
bist;5
blak;5
bleerd;5
blic;5
blijk;5
blink;5
bloeid;5
boers;5
bonk;5
bop;5
brab;5
brauw;5
brein;5
briefd;5
brouil;5
buks;5
cai;5
cals;5
cees;5
cers;5
chau;5
chroon;5
cierd;5
cim;5
clea;5
clips;5
coats;5
cof;5
cokes;5
creer;5
creerd;5
crois;5
cun;5
cut;5
cuus;5
daald;5
daards;5
daats;5
dampt;5
dash;5
deaux;5
deep;5
dein;5
delf;5
derst;5
deun;5
dexe;5
dho;5
diek;5
dijkt;5
dikt;5
dir;5
disks;5
dja;5
dod;5
doend;5
doo;5
doold;5
doopt;5
dox;5
doxe;5
dreg;5
dreig;5
driet;5
droefd;5
droeg;5
drost;5
duch;5
ducht;5
dums;5
dwaald;5
dwei;5
dwij;5
eche;5
ecua;5
ees;5
eg;5
erfd;5
ethi;5
etho;5
faam;5
fab;5
feem;5
feet;5
fijt;5
fixeer;5
flar;5
fleer;5
fleet;5
fleur;5
flexen;5
flooi;5
frank;5
freak;5
fui;5
gad;5
games;5
gaul;5
gea;5
geefs;5
geeuw;5
gerds;5
gijn;5
gles;5
glipt;5
gloeid;5
glun;5
gort;5
graai;5
grai;5
grieks;5
grist;5
grog;5
gruw;5
guil;5
haaf;5
haakt;5
hair;5
hall;5
halsd;5
heerd;5
heerst;5
hep;5
heus;5
hong;5
hoofds;5
huisd;5
huld;5
huwd;5
idyl;5
iek;5
iet;5
it;5
iteit;5
jaan;5
jaard;5
jap;5
jee;5
jij;5
jool;5
kakt;5
kalm;5
kef;5
keg;5
keil;5
kemp;5
keurd;5
keus;5
kijns;5
kleefd;5
klerk;5
kloe;5
kloek;5
klooi;5
kluch;5
knaag;5
knoes;5
knul;5
knus;5
kobs;5
koom;5
krabd;5
krachts;5
kreel;5
krol;5
kruim;5
kuist;5
kul;5
kuul;5
laai;5
lahs;5
league;5
leek;5
leeuw;5
lems;5
lest;5
leun;5
liech;5
lijd;5
lists;5
loef;5
loor;5
luxem;5
lymf;5
maard;5
mao;5
meend;5
mexi;5
mez;5
mien;5
mijnd;5
mind;5
mink;5
molm;5
murw;5
nast;5
nauwd;5
night;5
noel;5
nog;5
nou;5
nui;5
nuk;5
obe;5
ol;5
olij;5
omi;5
ono;5
osk;5
ovu;5
pail;5
piers;5
pip;5
plaas;5
plast;5
plec;5
plok;5
plooid;5
ploot;5
pluis;5
plukt;5
ports;5
proefd;5
proest;5
prooi;5
proos;5
pruil;5
pull;5
quis;5
raapt;5
rea;5
reen;5
roeid;5
root;5
rurg;5
saai;5
sales;5
schab;5
scherpt;5
schreeuwd;5
schrikt;5
schroomd;5
schuch;5
schurft;5
schuurd;5
shag;5
sheet;5
sher;5
shim;5
sijs;5
sink;5
site;5
sjam;5
sjis;5
sjouwd;5
skin;5
slem;5
slie;5
slom;5
slons;5
slur;5
slurf;5
smacht;5
smod;5
smous;5
snack;5
snau;5
snoeid;5
snood;5
snug;5
soir;5
spaard;5
spach;5
spea;5
speek;5
spen;5
speurd;5
spiek;5
spijt;5
spoord;5
spots;5
sprui;5
spul;5
spur;5
spurt;5
squa;5
stampt;5
stat;5
steeds;5
steund;5
steur;5
stinc;5
sting;5
stoc;5
stoft;5
stouwd;5
streefd;5
streeks;5
strib;5
stuc;5
suo;5
taaf;5
take;5
tea;5
teek;5
tees;5
teil;5
teis;5
teo;5
thaan;5
thu;5
thyl;5
tich;5
tles;5
toast;5
toirs;5
toons;5
touch;5
traag;5
trams;5
trees;5
trich;5
tries;5
trik;5
trips;5
trist;5
turks;5
unies;5
uro;5
vad;5
veins;5
viks;5
vlekt;5
vlijm;5
vloekt;5
vloers;5
vlos;5
voir;5
vouds;5
vree;5
vreed;5
vrijd;5
vun;5
waakt;5
walk;5
watts;5
weerd;5
welk;5
werd;5
woed;5
woeld;5
woer;5
wok;5
wolkt;5
wood;5
woonst;5
worg;5
wrie;5
wrok;5
wui;5
wuifd;5
wurm;5
yaht;5
yeer;5
yen;5
yu;5
zaaid;5
zaamd;5
zaan;5
zaat;5
zilt;5
zipt;5
zwaan;5
zwad;5
zwenk;5
zwier;5
zwoe;5
aak;4
abe;4
acan;4
afo;4
agio;4
aio;4
ais;4
aken;4
ako;4
amou;4
arms;4
asj;4
asyn;4
ava;4
aver;4
avi;4
avou;4
aya;4
az;4
backt;4
bard;4
beits;4
belst;4
bens;4
berk;4
berst;4
beuls;4
bia;4
bikes;4
blaft;4
bleau;4
bleekt;4
bloemd;4
bloon;4
blos;4
bluft;4
blust;4
boardt;4
boef;4
boets;4
boi;4
boomd;4
bost;4
braaf;4
braakt;4
braan;4
bram;4
bres;4
brieft;4
bries;4
brit;4
bruid;4
bruus;4
build;4
burcht;4
cair;4
cant;4
care;4
chiet;4
chisch;4
chor;4
class;4
claus;4
clet;4
clisch;4
clow;4
clown;4
cond;4
core;4
cort;4
crack;4
cres;4
crie;4
cues;4
cui;4
cyt;4
daas;4
dae;4
daks;4
damd;4
deal;4
deck;4
decks;4
deen;4
demp;4
deuk;4
dexen;4
diept;4
dijd;4
dijks;4
disc;4
docht;4
doekt;4
doer;4
domp;4
douwd;4
dreigd;4
drek;4
drenk;4
driest;4
droch;4
droxi;4
dru;4
dry;4
dund;4
durfd;4
dweild;4
eblou;4
ebo;4
eden;4
eeds;4
efe;4
egels;4
eist;4
eme;4
enis;4
eris;4
erup;4
eso;4
etei;4
ethiek;4
evi;4
exu;4
eye;4
faag;4
faan;4
feye;4
fice;4
field;4
fix;4
fixa;4
fixen;4
fleem;4
fleerd;4
fleurs;4
flitst;4
floe;4
floers;4
floor;4
flow;4
frame;4
freaks;4
frees;4
frist;4
fru;4
frun;4
fuck;4
fuckt;4
fum;4
fyt;4
gaap;4
gaapt;4
gaats;4
gag;4
galg;4
galmd;4
gay;4
gents;4
gets;4
geul;4
gia;4
gierd;4
gierst;4
git;4
gleer;4
gleuf;4
glyp;4
gnif;4
goei;4
goes;4
gold;4
golfd;4
golft;4
graasd;4
grade;4
grae;4
grams;4
grein;4
griek;4
guld;4
guns;4
haals;4
hai;4
heks;4
hern;4
hertz;4
hing;4
hink;4
hits;4
homes;4
hoon;4
huids;4
huls;4
ibe;4
idool;4
iets;4
ijld;4
ink;4
ira;4
iris;4
jang;4
jard;4
jast;4
jers;4
jets;4
joeg;4
joel;4
jump;4
kaft;4
keek;4
keet;4
kerfd;4
kert;4
keyne;4
keys;4
kierd;4
kijf;4
kim;4
kir;4
kleum;4
klonk;4
knars;4
kneld;4
knies;4
knoe;4
kond;4
kons;4
koops;4
kopt;4
kots;4
krieu;4
krijs;4
krings;4
kroost;4
kruin;4
kruist;4
kum;4
kwaai;4
kweekt;4
kwek;4
kwie;4
kwijl;4
lacht;4
lal;4
lance;4
lars;4
lax;4
laxeer;4
lead;4
leep;4
lekt;4
less;4
lete;4
lien;4
lierd;4
life;4
lijmd;4
loa;4
lock;4
loers;4
lomp;4
loogd;4
loond;4
luit;4
lup;4
luxu;4
lynch;4
maaid;4
maald;4
maands;4
mair;4
mank;4
max;4
med;4
mess;4
mets;4
meurd;4
mijd;4
milk;4
mixer;4
moi;4
mud;4
mutst;4
muun;4
naaf;4
naf;4
nang;4
nans;4
nard;4
naut;4
neef;4
neelst;4
nicht;4
noc;4
noet;4
nuis;4
nute;4
nym;4
ole;4
oma;4
ome;4
ook;4
opa;4
opend;4
opoe;4
ovaal;4
ozo;4
paat;4
pace;4
pack;4
pats;4
peins;4
pent;4
perts;4
peuk;4
pics;4
pinkt;4
pitch;4
ploft;4
plons;4
plop;4
poch;4
pooi;4
prang;4
proost;4
propt;4
proxi;4
punch;4
puur;4
quin;4
raaf;4
raasd;4
raats;4
ragd;4
rain;4
rax;4
raz;4
rechtst;4
reurs;4
riel;4
riep;4
riks;4
roofd;4
rooid;4
sad;4
santst;4
saxen;4
schaald;4
schermd;4
schetst;4
schi;4
schif;4
schin;4
schle;4
schob;4
schoeid;4
schoel;4
schoof;4
schots;4
schraapt;4
schram;4
schrans;4
schril;4
schun;4
schurf;4
seig;4
seind;4
self;4
shan;4
shave;4
shirts;4
shore;4
shots;4
sien;4
sip;4
sits;4
sive;4
six;4
sjaals;4
sjab;4
sjord;4
sjouw;4
skatet;4
skied;4
skiet;4
slaag;4
slemp;4
sli;4
slips;4
slist;4
sloeg;4
sloof;4
slop;4
sluisd;4
smach;4
smoel;4
smoes;4
sms;4
sneed;4
snert;4
snoept;4
soaps;4
soos;4
sopt;4
speet;4
splitst;4
spouw;4
spraakt;4
sprak;4
spread;4
sprints;4
sprot;4
spuwd;4
sra;4
staard;4
stay;4
steeg;4
steg;4
stijfd;4
stijg;4
stoots;4
strant;4
streel;4
strep;4
strikt;4
strin;4
strips;4
stronk;4
strot;4
stug;4
stuik;4
stunts;4
suft;4
suisd;4
sums;4
taars;4
taf;4
tairs;4
talg;4
tall;4
ted;4
temp;4
terp;4
thans;4
thar;4
thus;4
tild;4
tins;4
tir;4
tjap;4
toef;4
too;4
tooid;4
toomd;4
toors;4
toos;4
tops;4
tours;4
tracht;4
trad;4
traw;4
tred;4
trent;4
tres;4
troefd;4
trons;4
trucks;4
tsee;4
tuurs;4
tv;4
two;4
uk;4
una;4
usu;4
utrech;4
vaagd;4
vant;4
veeld;4
vees;4
veg;4
vem;4
vents;4
veur;4
vijld;4
vik;4
vinkt;4
vlagd;4
vlakt;4
vleer;4
vlocht;4
voirs;4
volst;4
voorns;4
voors;4
voos;4
vreesd;4
vreet;4
vuurd;4
waals;4
waand;4
walg;4
walm;4
wands;4
weeks;4
wekt;4
werks;4
wheel;4
wieg;4
wiekt;4
wierp;4
wies;4
wiet;4
woog;4
wra;4
wroch;4
wrong;4
wul;4
wulp;4
xen;4
xy;4
yal;4
zeen;4
zeug;4
zeuld;4
ziekt;4
zield;4
zigd;4
zik;4
zoem;4
zonk;4
zoo;4
zoomd;4
zoot;4
zots;4
zweed;4
zwenkt;4
zwermd;4
zwit;4
aag;3
aba;3
abra;3
abu;3
ache;3
achro;3
ada;3
adams;3
adi;3
adre;3
age;3
ahorn;3
airs;3
ajour;3
akoes;3
alz;3
amech;3
amok;3
ams;3
ands;3
aov;3
aow;3
apai;3
aper;3
apin;3
aria;3
arit;3
ark;3
armd;3
ase;3
asep;3
astig;3
asym;3
baasd;3
bags;3
bauw;3
belg;3
berts;3
biels;3
bije;3
bill;3
bink;3
bleaus;3
blei;3
bler;3
blijd;3
blije;3
blits;3
block;3
blog;3
blom;3
blow;3
blut;3
boeid;3
bokst;3
book;3
botst;3
bowl;3
brah;3
brast;3
breaks;3
breeuw;3
brid;3
bruld;3
bs;3
buikt;3
burgs;3
bush;3
buts;3
byd;3
bye;3
byte;3
bytes;3
cais;3
cans;3
cape;3
caps;3
ceur;3
chaal;3
cheur;3
cheurs;3
chies;3
chim;3
chons;3
chow;3
chut;3
ciel;3
cing;3
cings;3
cins;3
cit;3
claaf;3
clai;3
claims;3
cles;3
close;3
clowns;3
cold;3
cool;3
coon;3
cors;3
crash;3
cript;3
croo;3
crus;3
cuits;3
dankt;3
dars;3
dav;3
dees;3
def;3
deinsd;3
delgd;3
derm;3
desks;3
dess;3
deukt;3
dha;3
dib;3
dichtst;3
dict;3
dieck;3
djak;3
doemd;3
dogs;3
dong;3
doofd;3
dook;3
doops;3
dow;3
downs;3
draaf;3
draak;3
drab;3
drau;3
dreer;3
dreerd;3
dregd;3
dress;3
dreun;3
dreund;3
dries;3
drinks;3
drong;3
drons;3
droomd;3
druis;3
drums;3
drupt;3
dues;3
dwee;3
dwel;3
dwijn;3
ecar;3
eclips;3
eclo;3
edam;3
edig;3
eest;3
eeuws;3
ege;3
ehbo;3
elixers;3
elixir;3
elixirs;3
emit;3
enigd;3
enisch;3
enor;3
epa;3
epau;3
era;3
eras;3
erg;3
eros;3
eru;3
ery;3
esis;3
esk;3
etend;3
etui;3
exact;3
faamd;3
farc;3
farct;3
feel;3
ferm;3
fest;3
fierl;3
fif;3
fijnd;3
file;3
filmd;3
fjor;3
flanst;3
flard;3
flen;3
flie;3
flirt;3
floept;3
flos;3
fluim;3
fly;3
fnui;3
fom;3
fons;3
foob;3
fore;3
fors;3
foy;3
frames;3
fras;3
fro;3
frons;3
frot;3
frui;3
frul;3
frum;3
ftp;3
fuik;3
fuus;3
gab;3
gae;3
gai;3
gain;3
geeu;3
gelds;3
gems;3
gentst;3
gesp;3
geus;3
gild;3
glee;3
gleed;3
glis;3
glom;3
goals;3
gog;3
gokt;3
gomd;3
gong;3
gool;3
goon;3
gots;3
gouds;3
gout;3
graas;3
grape;3
grep;3
gret;3
grief;3
gries;3
grizz;3
groefd;3
grol;3
ground;3
grunge;3
guis;3
gund;3
gup;3
gur;3
gymp;3
hac;3
halfs;3
halls;3
hark;3
harkt;3
hau;3
hbo;3
heeld;3
heems;3
heir;3
heis;3
heit;3
hels;3
hez;3
hief;3
hielp;3
hijg;3
hinkt;3
hint;3
hitst;3
hoeds;3
hoerd;3
hoo;3
hoogd;3
hors;3
hort;3
host;3
houts;3
hts;3
huild;3
hunt;3
hur;3
hype;3
ich;3
ides;3
iep;3
ier;3
ik;3
ion;3
ise;3
itei;3
jaks;3
jank;3
jeep;3
jek;3
jeto;3
jeug;3
jeur;3
jin;3
joens;3
joors;3
jouwd;3
juit;3
junct;3
kaaks;3
kaatst;3
kai;3
kalfd;3
kantst;3
kart;3
kasj;3
keen;3
keept;3
ketst;3
kicks;3
kickt;3
kieu;3
kift;3
kikt;3
kisch;3
kits;3
kitsch;3
klampt;3
kletst;3
kleun;3
kliefd;3
klikt;3
kloet;3
klof;3
klucht;3
kluit;3
kluts;3
knaagd;3
knald;3
knapt;3
knis;3
knoert;3
knopt;3
knud;3
koch;3
koekt;3
koens;3
koi;3
kong;3
koon;3
koosd;3
korfd;3
kotst;3
kout;3
kraamd;3
krau;3
krauw;3
kreeg;3
krenk;3
krenkt;3
krent;3
kreukt;3
kreun;3
kromp;3
kroond;3
kroop;3
kroos;3
kropt;3
kruld;3
kuch;3
kwark;3
kwijnd;3
kwil;3
laagst;3
labs;3
lairs;3
lairst;3
lais;3
lank;3
laps;3
lay;3
leers;3
lengd;3
leund;3
lexen;3
leys;3
lights;3
lijfs;3
loc;3
loep;3
loerd;3
loet;3
logd;3
loi;3
loodst;3
loom;3
lord;3
love;3
luimd;3
luisd;3
lukt;3
luld;3
lumn;3
lump;3
lums;3
luur;3
maaks;3
made;3
mails;3
maks;3
mance;3
mann;3
manx;3
marc;3
mats;3
mec;3
meed;3
meins;3
mergs;3
miers;3
miss;3
mixers;3
mne;3
mocht;3
morst;3
mour;3
moy;3
naamst;3
naard;3
name;3
nants;3
neg;3
neigd;3
nerf;3
nerts;3
nesk;3
neug;3
neuk;3
neust;3
neut;3
nexa;3
nics;3
nieuwd;3
nit;3
noegd;3
noir;3
nom;3
nost;3
nots;3
nuut;3
obia;3
oblie;3
odi;3
odo;3
odys;3
oel;3
oeu;3
oha;3
oio;3
opaal;3
opu;3
ors;3
paaps;3
palts;3
papt;3
peest;3
peg;3
peig;3
peinsd;3
pelst;3
pets;3
piel;3
pils;3
pland;3
pleegd;3
pleng;3
pler;3
plexi;3
plie;3
ploert;3
plots;3
poll;3
polls;3
pond;3
pook;3
poosd;3
pord;3
pous;3
praam;3
prat;3
prauw;3
prijsd;3
pril;3
prints;3
promp;3
pruik;3
puil;3
puim;3
puit;3
pup;3
puut;3
pyr;3
raag;3
raamd;3
raans;3
rah;3
raks;3
rams;3
ramsj;3
raspt;3
rast;3
rats;3
rawl;3
real;3
reeuw;3
ref;3
rept;3
rer;3
reust;3
rije;3
rijpt;3
ringd;3
ritst;3
roetsj;3
roid;3
rokt;3
rong;3
ronk;3
roomd;3
rost;3
round;3
ruif;3
ruwd;3
ryl;3
safes;3
salt;3
sang;3
sans;3
scans;3
schalks;3
schalm;3
schee;3
scheerd;3
scheet;3
scheuk;3
schmink;3
schminkt;3
schokt;3
schonk;3
schoond;3
schorst;3
schrapt;3
schrie;3
schriel;3
schuins;3
schuwd;3
scoor;3
scoot;3
scope;3
screens;3
scri;3
scrol;3
scrub;3
seal;3
seem;3
sfinx;3
shall;3
she;3
sheets;3
shel;3
shift;3
shin;3
ships;3
shred;3
sib;3
sicht;3
sites;3
sjan;3
sjans;3
sjas;3
sjees;3
sjeik;3
sjot;3
skal;3
skif;3
skim;3
skip;3
skri;3
slaafd;3
slank;3
sleed;3
sleet;3
sleur;3
slibd;3
slide;3
sliert;3
slinks;3
sloft;3
sloofd;3
slurpt;3
sluw;3
smies;3
smoord;3
smot;3
smui;3
smukt;3
snaai;3
snaak;3
snaaks;3
snak;3
snauw;3
snauwd;3
sneeu;3
sneeuwd;3
snit;3
snoes;3
snok;3
snol;3
snord;3
snur;3
snurk;3
soes;3
sols;3
sorts;3
sot;3
souw;3
spaat;3
spal;3
spalk;3
spam;3
spant;3
speels;3
sperd;3
spich;3
spies;3
spitst;3
spookt;3
spoot;3
sprank;3
sprits;3
spurts;3
square;3
staag;3
stac;3
stald;3
steak;3
steens;3
stend;3
sterkt;3
stierf;3
stigd;3
stikt;3
stir;3
stob;3
stoer;3
stoofd;3
stream;3
streer;3
stret;3
striem;3
stroopt;3
stuf;3
stuks;3
stulp;3
stulpt;3
sue;3
suit;3
suits;3
suls;3
sun;3
swin;3
taans;3
tamp;3
tankt;3
tao;3
tapes;3
tapet;3
tapt;3
tarc;3
tars;3
tax;3
taxis;3
teaus;3
teef;3
teers;3
teuil;3
texe;3
theel;3
therm;3
thiek;3
thiekst;3
tierd;3
tijm;3
tjif;3
toas;3
toerd;3
toes;3
told;3
tond;3
tools;3
toorn;3
toost;3
toot;3
torn;3
tornd;3
toy;3
traalst;3
treil;3
tren;3
triest;3
trild;3
troond;3
tsje;3
tuil;3
tunes;3
ture;3
turk;3
tuun;3
tuy;3
twen;3
tyl;3
tyo;3
typ;3
uils;3
ule;3
unit;3
units;3
uurs;3
vaalt;3
vach;3
vacht;3
vae;3
valst;3
veem;3
veest;3
veinsd;3
verts;3
veurs;3
veus;3
vigd;3
vijg;3
vim;3
vits;3
vlamd;3
vler;3
vlerk;3
vleug;3
vlijt;3
vloerd;3
vlon;3
vloog;3
vlooid;3
voice;3
vondst;3
voorn;3
vrei;3
vroom;3
vroon;3
vroor;3
vrouws;3
vues;3
vuis;3
waagd;3
waf;3
walst;3
wants;3
wash;3
waves;3
waxi;3
ween;3
weest;3
welkt;3
welsh;3
wijfd;3
wijld;3
wise;3
woei;3
word;3
wrang;3
wrig;3
wrocht;3
wroet;3
wuft;3
wulf;3
xan;3
yaal;3
yaalst;3
yan;3
yeerd;3
yel;3
zaakt;3
zaans;3
zaar;3
zalfd;3
zapt;3
zar;3
zard;3
zeept;3
zees;3
zemd;3
zeng;3
zied;3
ziers;3
zies;3
zine;3
zines;3
zir;3
zisch;3
zoend;3
zog;3
zoop;3
zorgs;3
zuild;3
zwaarst;3
zwakt;3
zwalkt;3
zwans;3
zweefd;3
zweem;3
zwelg;3
zwierd;3
zwikt;3
zwing;3
zwoel;3
zwoer;3
zwoor;3
zwor;3
abac;2
abat;2
abc;2
abeel;2
aber;2
abi;2
abun;2
aco;2
acros;2
acryl;2
act;2
acts;2
adat;2
aderd;2
adu;2
adul;2
agar;2
agit;2
agri;2
ah;2
aja;2
ajax;2
aker;2
akers;2
alang;2
alert;2
alexan;2
alig;2
alike;2
alikes;2
aluin;2
alum;2
amo;2
anan;2
anus;2
ao;2
aor;2
apol;2
areo;2
armst;2
arons;2
ars;2
asek;2
asem;2
asiels;2
aspe;2
asta;2
asymp;2
asys;2
atac;2
ater;2
atol;2
atri;2
aty;2
auw;2
avonds;2
awa;2
ax;2
axil;2
axo;2
azer;2
azu;2
baand;2
bacht;2
bah;2
bai;2
balg;2
balkt;2
balld;2
ballt;2
bangd;2
bangt;2
bans;2
bant;2
bark;2
barn;2
barst;2
bauwd;2
bax;2
bec;2
beef;2
beelds;2
beemd;2
beeuw;2
beit;2
bets;2
beug;2
beukt;2
beuld;2
bics;2
bict;2
bietst;2
bijns;2
biket;2
bikt;2
bim;2
bisj;2
blaat;2
bleef;2
blees;2
blek;2
blers;2
blief;2
blieft;2
bliep;2
blies;2
blim;2
bloes;2
blokt;2
bloo;2
blood;2
bloos;2
bloosd;2
bloots;2
blu;2
blue;2
bluts;2
blutst;2
bn;2
boa;2
bobs;2
boc;2
bock;2
boft;2
boldt;2
booms;2
bootst;2
borgd;2
born;2
boud;2
bouf;2
braai;2
braal;2
brandt;2
brant;2
brass;2
breks;2
breus;2
bridget;2
brik;2
brild;2
bris;2
brits;2
broeks;2
broks;2
bronst;2
broo;2
broos;2
brost;2
browse;2
browset;2
bruind;2
bruist;2
brun;2
brunch;2
bruncht;2
brush;2
bruut;2
bry;2
buck;2
burch;2
buun;2
buust;2
buxus;2
byt;2
caalst;2
cache;2
cae;2
cakes;2
capes;2
capt;2
cash;2
casts;2
cd;2
cda;2
ceels;2
cei;2
ceps;2
ceurs;2
chaat;2
charge;2
chaud;2
chaus;2
checks;2
chees;2
cheese;2
cheet;2
chei;2
chem;2
chend;2
cherd;2
chets;2
chin;2
ching;2
chli;2
choch;2
choe;2
chook;2
chookt;2
chop;2
chres;2
chup;2
chuut;2
cint;2
cits;2
clair;2
click;2
cliff;2
clig;2
cling;2
cloon;2
clys;2
coacht;2
coas;2
cols;2
come;2
coms;2
coom;2
corn;2
cots;2
counts;2
coups;2
coupt;2
course;2
court;2
cous;2
cracks;2
crasht;2
cray;2
crea;2
cream;2
crew;2
crews;2
cris;2
croe;2
croon;2
crui;2
cruiset;2
cryo;2
csar;2
cups;2
cuurd;2
cyl;2
daans;2
daars;2
dab;2
daig;2
dain;2
dairs;2
dalf;2
dancet;2
danks;2
dard;2
dark;2
darts;2
dast;2
dates;2
dauwd;2
dead;2
deals;2
dec;2
deens;2
deern;2
deesd;2
deik;2
deind;2
delg;2
dep;2
dert;2
dexa;2
dhist;2
did;2
diefd;2
dierf;2
diets;2
digst;2
dirndl;2
dirs;2
dise;2
disj;2
dits;2
dive;2
dix;2
dixie;2
dje;2
dle;2
dles;2
docs;2
doeks;2
doens;2
doers;2
doet;2
doft;2
dokt;2
dold;2
dolf;2
dompt;2
dooid;2
dopt;2
dord;2
dorf;2
dost;2
douch;2
doucht;2
doxie;2
doxo;2
drain;2
dramd;2
drees;2
drein;2
drenkt;2
drisch;2
drocht;2
dromd;2
droop;2
drops;2
druf;2
druist;2
drumd;2
duce;2
ducet;2
duk;2
dungs;2
dunk;2
dup;2
dur;2
duul;2
duurst;2
duusd;2
dwong;2
ebd;2
ebul;2
echap;2
echel;2
ecla;2
ed;2
edigd;2
egg;2
eject;2
elan;2
eland;2
eler;2
elk;2
ely;2
emu;2
ena;2
enaks;2
enan;2
enen;2
enist;2
enun;2
ep;2
epiek;2
epoxy;2
erec;2
ereerd;2
erend;2
ergst;2
erie;2
ern;2
etas;2
eteits;2
ethaan;2
ethe;2
etheen;2
ethisch;2
ethos;2
ethy;2
etiek;2
etio;2
etist;2
etu;2
etuis;2
evis;2
exac;2
exan;2
ez;2
ezo;2
faai;2
faits;2
fake;2
faket;2
fare;2
farm;2
farms;2
faun;2
faus;2
faxt;2
fea;2
felst;2
ferds;2
fex;2
fez;2
fiers;2
figh;2
fiks;2
files;2
fins;2
fire;2
fits;2
flag;2
flapt;2
flauwd;2
flenst;2
flets;2
fleurd;2
flexies;2
flight;2
flink;2
floep;2
floerst;2
flood;2
flost;2
flot;2
flux;2
foef;2
foen;2
foes;2
foet;2
fokt;2
foun;2
found;2
fours;2
foxen;2
fraaie;2
frak;2
franc;2
freakt;2
freen;2
freer;2
freerd;2
freesd;2
frei;2
frein;2
fres;2
frit;2
fruits;2
fuc;2
fur;2
fuust;2
gaaid;2
gaalst;2
gaam;2
gair;2
gak;2
gald;2
gamed;2
gamet;2
gantst;2
gapt;2
garf;2
gars;2
geant;2
geb;2
geeld;2
geg;2
geild;2
gence;2
geois;2
gespt;2
gey;2
geys;2
ghaan;2
ghi;2
ghost;2
ghreb;2
gib;2
giem;2
gijns;2
gim;2
ginds;2
gip;2
glau;2
glide;2
gloor;2
gluurd;2
gneis;2
goa;2
goi;2
golfs;2
goms;2
goor;2
gous;2
graats;2
graded;2
gradet;2
grauwd;2
greb;2
greens;2
griefd;2
grien;2
grift;2
grijnsd;2
grijsd;2
grild;2
grills;2
grilt;2
grint;2
grit;2
groend;2
grogs;2
gronds;2
groots;2
grootst;2
grou;2
gruisd;2
gsm;2
guest;2
guet;2
guir;2
gulp;2
gumd;2
guts;2
guurst;2
gyn;2
haagd;2
haam;2
hack;2
hackt;2
haen;2
hapt;2
hate;2
hauw;2
have;2
heads;2
heck;2
heef;2
hein;2
hekst;2
helsd;2
herf;2
hesp;2
heugd;2
heur;2
hid;2
hiers;2
hieuw;2
higgs;2
hikt;2
hipt;2
hoefd;2
hoem;2
hokt;2
holm;2
hoofs;2
hool;2
hoond;2
hoornd;2
hopt;2
hord;2
horst;2
houset;2
how;2
hua;2
hub;2
huf;2
huifd;2
huk;2
hurkt;2
huts;2
hypes;2
hypet;2
i;2
ibis;2
ica;2
icijn;2
icis;2
id;2
ida;2
idaal;2
iem;2
ien;2
ijkt;2
ines;2
ineu;2
ip;2
ire;2
item;2
itie;2
itus;2
ivi;2
jaal;2
jaans;2
jaap;2
jag;2
jams;2
jangs;2
jans;2
jarts;2
jay;2
jays;2
jeeps;2
jem;2
jep;2
jerd;2
jich;2
jim;2
jit;2
joeld;2
joet;2
jof;2
join;2
jongd;2
jongst;2
joods;2
jop;2
jot;2
jourd;2
jouw;2
jucht;2
juicht;2
juis;2
juits;2
juke;2
junk;2
juw;2
juws;2
kaakt;2
kaalst;2
kaam;2
kaapt;2
kaard;2
kaasd;2
kad;2
kald;2
kampt;2
keef;2
keeld;2
kein;2
kelt;2
kep;2
kerks;2
kerm;2
keyd;2
keyt;2
khi;2
kic;2
kids;2
kiemd;2
kiend;2
kiept;2
kif;2
kije;2
kild;2
kipt;2
kirsch;2
klakt;2
klaps;2
kleinst;2
kleumd;2
kleund;2
klief;2
klif;2
kloofd;2
klooid;2
kloon;2
klots;2
kluisd;2
kluns;2
klust;2
knaak;2
knarst;2
knauw;2
kner;2
kneus;2
knic;2
knield;2
knier;2
kniesd;2
knikt;2
knit;2
knocht;2
knoeid;2
knoops;2
knord;2
know;2
kob;2
koerd;2
koerst;2
kog;2
kolfd;2
koo;2
koof;2
koold;2
kraaid;2
kraakt;2
krampt;2
krams;2
kranst;2
krats;2
kreng;2
krep;2
kreund;2
krikt;2
kroep;2
kroesd;2
kromd;2
krons;2
kroot;2
kuild;2
kurkt;2
kvv;2
kwaak;2
kwaamst;2
kwakt;2
kweel;2
kweld;2
kwetst;2
kwijn;2
kwink;2
kwint;2
kwist;2
laaf;2
laags;2
laaid;2
laard;2
laks;2
lamd;2
lancet;2
landst;2
lants;2
lantst;2
lard;2
lards;2
lash;2
lasj;2
late;2
lauf;2
lav;2
laxe;2
laxen;2
laxt;2
leaf;2
leaset;2
lech;2
lecht;2
leens;2
leest;2
lept;2
lesk;2
letet;2
leut;2
lext;2
liedst;2
liefst;2
lieg;2
ligst;2
limp;2
lims;2
linkst;2
lins;2
lisk;2
loads;2
loadt;2
loefd;2
loek;2
loeks;2
loem;2
loens;2
loft;2
lomb;2
lonkt;2
loosd;2
lords;2
lorg;2
lors;2
loss;2
lounge;2
louw;2
lud;2
lumns;2
luncht;2
luns;2
lurk;2
lux;2
lyn;2
lyncht;2
maanst;2
maart;2
mae;2
mah;2
mals;2
mams;2
mands;2
marsh;2
matst;2
maxen;2
meau;2
meck;2
meens;2
meenst;2
melt;2
menst;2
meuk;2
miep;2
mih;2
milt;2
minst;2
mint;2
misj;2
moel;2
moerd;2
moers;2
molmd;2
mols;2
mooist;2
most;2
mote;2
mots;2
move;2
muit;2
muurd;2
myo;2
names;2
napt;2
nars;2
neck;2
necks;2
ned;2
nef;2
neig;2
neld;2
nem;2
nems;2
nerd;2
neukt;2
neusd;2
nex;2
neys;2
nickt;2
nietz;2
nieuwst;2
nijp;2
nipt;2
nisht;2
noch;2
nod;2
noirs;2
nokt;2
nooid;2
noors;2
notch;2
noxi;2
nsb;2
nums;2
nup;2
nurk;2
nurks;2
nutst;2
nuwd;2
ober;2
obus;2
oda;2
odeur;2
oet;2
oge;2
oks;2
old;2
oleo;2
olied;2
olijk;2
olm;2
omis;2
ookt;2
ools;2
opos;2
opus;2
ord;2
oreer;2
oreerd;2
orig;2
oto;2
overd;2
overs;2
owee;2
own;2
paad;2
pacet;2
packs;2
packt;2
paft;2
paid;2
palmd;2
pamp;2
pampt;2
parse;2
parset;2
passt;2
patch;2
patst;2
paud;2
pauk;2
pav;2
pay;2
pc;2
peel;2
peeld;2
peep;2
peesd;2
peild;2
pex;2
pheus;2
phi;2
pid;2
pieck;2
pied;2
piept;2
pierce;2
piercet;2
piets;2
pinch;2
pind;2
pitcht;2
pitst;2
pixel;2
pixels;2
plaagd;2
plagd;2
plate;2
pleer;2
pleerd;2
plemp;2
plensd;2
plers;2
ples;2
plets;2
plexe;2
pliek;2
plint;2
ploegs;2
plon;2
plugd;2
pluisd;2
pluks;2
plum;2
poea;2
poept;2
poer;2
pokt;2
ponst;2
pookt;2
poold;2
popt;2
pour;2
praai;2
praald;2
prach;2
prau;2
preekt;2
prees;2
preut;2
preuts;2
priet;2
proefs;2
proen;2
proes;2
prol;2
prompt;2
props;2
proxy;2
prutst;2
prze;2
psv;2
puft;2
puild;2
punks;2
push;2
pusht;2
puts;2
putz;2
putzt;2
puurd;2
pvda;2
pyg;2
quaat;2
quan;2
quant;2
quat;2
quees;2
quel;2
quels;2
quentst;2
quets;2
queue;2
queur;2
queurs;2
quick;2
quit;2
quod;2
quote;2
qwer;2
ramsjt;2
rao;2
reef;2
reet;2
relds;2
remp;2
rers;2
resk;2
rexis;2
rice;2
riefd;2
riefs;2
rijkt;2
rijns;2
rikt;2
rild;2
rins;2
rint;2
rips;2
rispt;2
roa;2
roek;2
roers;2
rois;2
rongs;2
roob;2
rool;2
roost;2
rott;2
roun;2
rouwd;2
ruft;2
ruid;2
ruik;2
ruin;2
ruist;2
rule;2
runs;2
rupt;2
saag;2
saagd;2
saaie;2
saalst;2
saan;2
saard;2
saards;2
sann;2
sast;2
saust;2
save;2
scenes;2
schaad;2
schaard;2
schaatst;2
schampt;2
scheeld;2
scheg;2
schelf;2
schert;2
schicht;2
schiep;2
schift;2
schiks;2
schimpt;2
schla;2
schluss;2
schmier;2
schmin;2
schnau;2
schoks;2
schooid;2
schoord;2
schout;2
schraagd;2
schraald;2
schrank;2
schreed;2
schreid;2
schrobd;2
schroefs;2
schroeid;2
schrokt;2
schubd;2
schubs;2
schuild;2
schuimd;2
schuind;2
schwal;2
scis;2
scle;2
scotch;2
scou;2
scout;2
scouts;2
scram;2
scratch;2
scratcht;2
scrim;2
scripts;2
scul;2
scuur;2
sect;2
seisd;2
sekst;2
sell;2
selt;2
senn;2
seo;2
serd;2
sess;2
sexy;2
sey;2
shaket;2
shawl;2
shed;2
shers;2
shet;2
shew;2
shii;2
shil;2
shing;2
ship;2
shit;2
shoc;2
shocks;2
shockt;2
shoo;2
shorts;2
shuf;2
sick;2
siel;2
sinds;2
sint;2
sjah;2
sjahs;2
sjal;2
sjap;2
sjeiks;2
sjek;2
sjerp;2
sjib;2
sjie;2
sjiek;2
sjik;2
sjokt;2
sjom;2
skates;2
skiff;2
skins;2
slaafs;2
slaagd;2
slaak;2
slaand;2
slapt;2
slash;2
slat;2
sleets;2
sleeuw;2
slet;2
sleuf;2
sleurd;2
slicht;2
slind;2
slink;2
slipt;2
sloef;2
sloep;2
slokt;2
slomp;2
slonsd;2
sloom;2
sloor;2
slorp;2
slorpt;2
slow;2
slu;2
sluf;2
sluiks;2
slurp;2
small;2
smash;2
smasht;2
smeekt;2
smeuld;2
smis;2
smith;2
smog;2
smolt;2
smook;2
smookt;2
smos;2
smur;2
smyr;2
snaard;2
snapt;2
snare;2
snea;2
sneak;2
sneer;2
snep;2
sner;2
snerp;2
snif;2
snoet;2
snuff;2
snul;2
sog;2
soirs;2
somp;2
soun;2
spaad;2
spaand;2
spalkt;2
spare;2
speecht;2
speend;2
spekt;2
spiets;2
spijl;2
spild;2
spins;2
spint;2
spoet;2
sponst;2
spreeuw;2
spreng;2
sprit;2
sproeid;2
sproet;2
sprongs;2
sproot;2
spuugd;2
spuw;2
squasht;2
ss;2
staafd;2
staald;2
stake;2
stalk;2
stalkt;2
stamd;2
staps;2
starts;2
steend;2
stein;2
stelpt;2
steps;2
sterkst;2
sterns;2
stes;2
stierd;2
stiet;2
stifts;2
stild;2
stoets;2
stokt;2
stompt;2
stones;2
stool;2
store;2
stouw;2
straals;2
strad;2
straks;2
stras;2
streak;2
streakt;2
streed;2
street;2
strest;2
stretch;2
stretcht;2
stric;2
stroe;2
stroef;2
strooms;2
struif;2
struind;2
stuikt;2
stukt;2
styled;2
stylet;2
sues;2
sult;2
sure;2
swa;2
swag;2
swea;2
sweat;2
swing;2
switch;2
switcht;2
taalst;2
taats;2
tage;2
talm;2
tampt;2
taps;2
tard;2
tart;2
taur;2
teeks;2
teelst;2
telg;2
temd;2
tenst;2
terds;2
terns;2
tert;2
tess;2
tets;2
teuils;2
text;2
than;2
thin;2
thio;2
thons;2
thur;2
ticht;2
tics;2
tieks;2
tiekst;2
tiekt;2
tiend;2
tiens;2
tii;2
tips;2
tjaf;2
tji;2
tjilp;2
tjok;2
tjot;2
tobd;2
tod;2
toefd;2
toep;2
toetst;2
tolkt;2
toogd;2
toop;2
toornd;2
toorts;2
topt;2
tov;2
toxisch;2
traaf;2
traand;2
tracks;2
trackt;2
trair;2
tral;2
trawl;2
tray;2
treef;2
treem;2
treks;2
trench;2
trends;2
trens;2
treurd;2
tricht;2
triek;2
trien;2
trijn;2
trits;2
troep;2
troj;2
tromp;2
trug;2
trusts;2
tsu;2
tuid;2
tuind;2
tures;2
turfd;2
turg;2
turnd;2
turs;2
tuuts;2
twa;2
tweed;2
twijn;2
ufo;2
uke;2
uniek;2
urig;2
urn;2
usan;2
user;2
ute;2
utrecht;2
vaak;2
vail;2
vaks;2
vards;2
vars;2
vau;2
veels;2
veid;2
vexa;2
vexe;2
vid;2
vids;2
viers;2
vijn;2
vijs;2
vio;2
vitsj;2
vitsje;2
vlaam;2
vlaks;2
vleesd;2
vli;2
vliem;2
vlijd;2
vloeds;2
vlokt;2
vlood;2
vluchts;2
volts;2
vont;2
voorts;2
voost;2
vraags;2
vran;2
vrank;2
vreu;2
vrijt;2
vril;2
vuild;2
vvd;2
vy;2
waaks;2
waald;2
wachts;2
wai;2
walks;2
wao;2
wars;2
washt;2
wax;2
ways;2
wea;2
weed;2
weend;2
weids;2
weit;2
welfd;2
welp;2
wem;2
wenkt;2
whip;2
whirl;2
whizz;2
who;2
wiegd;2
wieks;2
wiekst;2
wierf;2
wijns;2
wijst;2
wikt;2
wine;2
wir;2
wod;2
wom;2
woo;2
woords;2
wouw;2
wran;2
wrikt;2
wro;2
wurgd;2
wy;2
yaan;2
yam;2
yaws;2
yin;2
yp;2
zaard;2
zaards;2
zachtst;2
zeefd;2
zeerd;2
zeeuw;2
zeikt;2
zengd;2
zeo;2
zep;2
zerds;2
zerk;2
zerp;2
zetst;2
zeul;2
zeun;2
zeurd;2
zia;2
zoa;2
zod;2
zoef;2
zoel;2
zoemd;2
zong;2
zoold;2
zoor;2
zuind;2
zund;2
zur;2
zwalk;2
zwalp;2
zwartst;2
zweeg;2
zweept;2
zwei;2
zwet;2
zwets;2
zwicht;2
zwiep;2
zwijm;2
zwijmd;2
zwijns;2
zwind;2
zwoeg;2
zwolg;2
zwoord;2
aaf;1
aagt;1
aaid;1
aals;1
aalt;1
aamd;1
aapt;1
aarst;1
aasd;1
abel;1
abt;1
abui;1
abuis;1
aces;1
acid;1
acre;1
acres;1
acri;1
acs;1
actie;1
acuut;1
adam;1
adek;1
adeld;1
adep;1
adept;1
adhd;1
admiraals;1
adsl;1
adult;1
afijn;1
afs;1
aft;1
agaat;1
agaath;1
ageer;1
ageerd;1
agens;1
ager;1
agers;1
agg;1
agoe;1
agoog;1
aha;1
ahoi;1
ahor;1
ahorns;1
ahs;1
ajak;1
ajb;1
ajui;1
ajuus;1
akan;1
akant;1
aki;1
aks;1
akst;1
alaam;1
aler;1
alia;1
alk;1
alls;1
alp;1
amah;1
amahs;1
amai;1
amant;1
amants;1
amic;1
amict;1
amorf;1
amto;1
amvb;1
amyo;1
anaal;1
anie;1
aniet;1
ank;1
ants;1
apar;1
apert;1
aplomb;1
apraxie;1
aprils;1
arach;1
arak;1
arch;1
ard;1
arel;1
arels;1
arisch;1
arob;1
aroom;1
asemd;1
asen;1
asfa;1
assegaai;1
ataxie;1
atb;1
ath;1
aths;1
atria;1
atv;1
auwd;1
auxi;1
aval;1
avo;1
awel;1
axel;1
axels;1
axio;1
aza;1
azc;1
azo;1
baald;1
baalst;1
baards;1
baats;1
baatst;1
babe;1
babes;1
babs;1
badge;1
baf;1
bakst;1
baltst;1
bangst;1
bankt;1
bants;1
bards;1
barmd;1
based;1
baset;1
bask;1
batch;1
baud;1
bbp;1
beach;1
beats;1
beck;1
beckt;1
beed;1
beefd;1
beem;1
beens;1
beeu;1
beft;1
beha;1
beis;1
beitst;1
beks;1
belgd;1
belts;1
beng;1
bensj;1
bensjt;1
bents;1
beo;1
berds;1
berdst;1
bergd;1
bergs;1
bern;1
besk;1
beurst;1
bh;1
bhag;1
bibs;1
bieb;1
biebs;1
bielst;1
biers;1
biesd;1
biest;1
biets;1
bigd;1
bijnd;1
bild;1
bils;1
bine;1
bines;1
bings;1
bins;1
binst;1
bips;1
bitch;1
bite;1
bites;1
bitst;1
bizz;1
blaag;1
blaak;1
blaakt;1
blaam;1
blaard;1
black;1
blakst;1
blauwd;1
blauwst;1
bleekst;1
blekt;1
blerk;1
blerkt;1
bleu;1
bleue;1
bleur;1
bleurs;1
bliefd;1
bliem;1
blieps;1
bliks;1
blish;1
blist;1
blit;1
blocks;1
bloeds;1
bloemencorso;1
bloen;1
bloesd;1
blogd;1
blogs;1
blogt;1
bloid;1
bloids;1
blonk;1
bloodst;1
blootst;1
blowd;1
blowt;1
bly;1
bnp;1
bobd;1
boem;1
boend;1
boerst;1
boert;1
boesj;1
bofs;1
bog;1
bokt;1
bolds;1
bolk;1
bolst;1
bomd;1
bonkt;1
bonsd;1
bontst;1
boogd;1
books;1
boors;1
boort;1
boost;1
borch;1
bosch;1
boudst;1
bound;1
bounds;1
bours;1
bowld;1
bowls;1
bowlt;1
boxers;1
bpm;1
bps;1
bq;1
braafst;1
braamd;1
braat;1
brach;1
brakst;1
brald;1
brandts;1
brat;1
brau;1
brees;1
breeu;1
breeuwd;1
breeuws;1
brems;1
breust;1
bridged;1
briekt;1
briest;1
briet;1
brije;1
brin;1
brink;1
brio;1
brist;1
britst;1
broc;1
broeds;1
broeid;1
broes;1
brogue;1
brogues;1
brokt;1
brol;1
bromd;1
bronsd;1
broods;1
broost;1
brous;1
brouwd;1
brown;1
brows;1
brugd;1
brugs;1
brut;1
bruusk;1
bruutst;1
bse;1
btw;1
bubs;1
bugd;1
bugs;1
buid;1
buildt;1
buisd;1
bukt;1
bulkt;1
bulls;1
bunt;1
bups;1
burl;1
burld;1
burst;1
bust;1
butst;1
buuf;1
buurd;1
buus;1
bv;1
bvba;1
byes;1
caaf;1
caats;1
caatst;1
cail;1
calf;1
camp;1
cams;1
cart;1
carts;1
caus;1
caust;1
cav;1
cavs;1
cbb;1
cea;1
ceau;1
ceaus;1
ceet;1
celd;1
celt;1
centst;1
cerns;1
cerp;1
cerpt;1
cets;1
ceut;1
cey;1
cfk;1
chaamd;1
chai;1
chant;1
chap;1
chard;1
chards;1
charged;1
charget;1
chart;1
charts;1
chase;1
chats;1
chauds;1
chea;1
ched;1
chems;1
chest;1
chic;1
chick;1
chicks;1
chicst;1
chiek;1
chier;1
chiers;1
chif;1
chijl;1
chil;1
chimp;1
chimps;1
chintz;1
chio;1
chised;1
chiset;1
chla;1
chloord;1
choke;1
chokes;1
choom;1
choot;1
chord;1
chords;1
chots;1
chou;1
chouc;1
chows;1
choz;1
christ;1
chroomd;1
chus;1
chym;1
chys;1
cied;1
cief;1
ciep;1
ciest;1
ciets;1
cijs;1
cild;1
cils;1
cisch;1
claam;1
claimd;1
claimt;1
clans;1
clark;1
clarks;1
clast;1
claxons;1
clean;1
cled;1
cleer;1
cleerd;1
clei;1
clen;1
clicks;1
clie;1
cliek;1
cloop;1
clou;1
clous;1
cluis;1
coin;1
coke;1
colt;1
colts;1
coond;1
coons;1
coont;1
corp;1
corts;1
courts;1
cox;1
coxen;1
craal;1
craft;1
crafts;1
cran;1
crank;1
cranks;1
craw;1
crawld;1
crawlt;1
creditkaart;1
creetst;1
crief;1
crien;1
criet;1
cron;1
crons;1
croond;1
croont;1
crowds;1
crue;1
cruised;1
crux;1
cry;1
cua;1
cued;1
cuet;1
cust;1
cuts;1
cuulst;1
cuurst;1
cuz;1
cv;1
daanst;1
daasd;1
daatst;1
dabd;1
dact;1
daf;1
dage;1
dah;1
daim;1
dalfd;1
dang;1
dax;1
daxen;1
day;1
days;1
dc;1
ddt;1
deald;1
dealt;1
deauxs;1
deelst;1
deerns;1
deet;1
deins;1
deisd;1
delfts;1
delst;1
demd;1
dempt;1
denst;1
dept;1
derds;1
deren;1
derfd;1
dernst;1
dest;1
dets;1
deuce;1
deund;1
dexeer;1
dexeerd;1
dez;1
dhi;1
dicts;1
diec;1
dieckt;1
died;1
diekt;1
diens;1
diepst;1
dierst;1
dietst;1
dii;1
dijen;1
dijnd;1
dijns;1
dikst;1
dild;1
dimd;1
dips;1
dipt;1
dirk;1
dirkt;1
discht;1
dith;1
diums;1
dived;1
divet;1
dixit;1
diz;1
dj;1
djaks;1
djakt;1
djel;1
dji;1
djid;1
djids;1
djil;1
djing;1
djings;1
djinn;1
djinns;1
djir;1
djirs;1
djo;1
djor;1
djork;1
djorkt;1
dju;1
dna;1
dock;1
docks;1
doeg;1
doei;1
doerd;1
doesd;1
doesj;1
dofst;1
doir;1
doirs;1
doks;1
doll;1
dolls;1
dolst;1
domd;1
domst;1
dongs;1
donk;1
dont;1
doofst;1
doogd;1
dooie;1
doomd;1
dooms;1
doord;1
dope;1
dopes;1
dour;1
dours;1
doxa;1
doxaal;1
doxen;1
doxer;1
doxi;1
doxt;1
dpi;1
draald;1
drant;1
drasj;1
drast;1
draw;1
draws;1
dread;1
dreads;1
dreind;1
drens;1
drensd;1
drent;1
drents;1
dressed;1
dret;1
drets;1
dretst;1
driegd;1
drien;1
driens;1
drig;1
drigs;1
drijn;1
drild;1
drils;1
droefst;1
droes;1
droogst;1
drooms;1
droos;1
droosd;1
droot;1
dropt;1
druft;1
druild;1
drukst;1
druus;1
dse;1
dtp;1
dubd;1
dufst;1
duft;1
duig;1
duimd;1
duims;1
duind;1
duist;1
duitst;1
dult;1
dumps;1
dumpt;1
dunst;1
duts;1
duud;1
duuk;1
duukst;1
duus;1
dvd;1
dwaasd;1
dwaast;1
dwarst;1
dween;1
dweept;1
dweest;1
dwelm;1
dwelmd;1
dwer;1
earl;1
ecg;1
echec;1
echecs;1
echels;1
echood;1
echtst;1
eclair;1
eclairs;1
ecru;1
ecrue;1
edeld;1
edelst;1
edic;1
edict;1
edik;1
edoch;1
eeg;1
eem;1
efs;1
egaal;1
egaalst;1
egard;1
egards;1
egd;1
eierpoeier;1
einde;1
eken;1
elft;1
elie;1
eliet;1
elisch;1
elms;1
eloos;1
emir;1
emirs;1
emoe;1
emoes;1
emp;1
ems;1
ends;1
engd;1
engst;1
enigs;1
enigst;1
enk;1
enorm;1
entst;1
episch;1
erds;1
ereer;1
eri;1
eriek;1
eries;1
erist;1
ernst;1
esp;1
ests;1
etha;1
ethyl;1
etine;1
etisch;1
etje;1
eto;1
eton;1
etons;1
etst;1
eux;1
evend;1
evers;1
evist;1
exen;1
exil;1
exoot;1
faaid;1
faald;1
faamst;1
faanst;1
faas;1
fact;1
fade;1
faded;1
fah;1
fairs;1
fairst;1
fakt;1
falk;1
faq;1
fard;1
fars;1
fats;1
faxen;1
feed;1
feek;1
feeks;1
feen;1
feild;1
fens;1
fermd;1
fermst;1
feut;1
fields;1
fielt;1
fien;1
fierst;1
fietscros;1
fietscrost;1
fight;1
fijns;1
fijnst;1
fikst;1
fint;1
firn;1
firs;1
fitst;1
fixe;1
fixeerd;1
fjord;1
flair;1
flakes;1
flaks;1
flans;1
flauwst;1
flee;1
fleece;1
fleemd;1
flensd;1
flest;1
fletst;1
flexe;1
flexief;1
flikt;1
flinkst;1
flint;1
flips;1
flipt;1
flir;1
flirts;1
flons;1
flooid;1
floot;1
flops;1
flopt;1
flor;1
floss;1
flows;1
flox;1
floxen;1
fluimd;1
fluk;1
fluks;1
flus;1
flut;1
fluxen;1
flys;1
fm;1
fnuik;1
fnuikt;1
foeid;1
foens;1
foert;1
foesd;1
fold;1
folds;1
fondement;1
font;1
fonts;1
foot;1
fopt;1
force;1
forst;1
forts;1
fraaid;1
fraaist;1
francs;1
franst;1
frat;1
frats;1
frea;1
frets;1
freus;1
frij;1
frijn;1
frijnd;1
fronst;1
frost;1
frous;1
fruc;1
frust;1
ftaal;1
fti;1
fuch;1
fuifd;1
fuit;1
fulp;1
fums;1
fund;1
fundament;1
fust;1
fuut;1
fyl;1
gaafst;1
gaag;1
gaagd;1
gaals;1
gaarst;1
gags;1
gairst;1
gakt;1
garch;1
gard;1
garfd;1
gate;1
gauss;1
gauwst;1
gays;1
gaz;1
gean;1
geants;1
ged;1
geelst;1
geens;1
geep;1
geeuwd;1
geid;1
geilst;1
geist;1
gekst;1
gekt;1
gelst;1
gelt;1
geoi;1
gest;1
geurd;1
geurs;1
geut;1
gft;1
ghaans;1
ghe;1
ghum;1
ghz;1
gibbs;1
gidst;1
giedst;1
giekst;1
giel;1
giems;1
gigs;1
gijl;1
gijp;1
gijpt;1
gind;1
gink;1
gins;1
gipst;1
gischt;1
gisp;1
gispt;1
glaasd;1
glais;1
glansd;1
glap;1
gleerd;1
gleis;1
glets;1
gleu;1
gleufd;1
gleur;1
gleurs;1
glided;1
glidet;1
glie;1
glief;1
glimp;1
glist;1
glooid;1
gloord;1
gloxi;1
gnoe;1
gnoes;1
gnoom;1
gnost;1
gnui;1
gnuif;1
gnuifd;1
goeds;1
goeie;1
goem;1
goems;1
goen;1
goens;1
goer;1
goest;1
goh;1
goj;1
gojs;1
golds;1
gongs;1
gonsd;1
gools;1
goorst;1
goth;1
goths;1
gotst;1
gouts;1
gouws;1
gps;1
graagst;1
graaid;1
gramd;1
grapt;1
grass;1
gree;1
grees;1
greind;1
greu;1
greus;1
grey;1
gria;1
griel;1
grijst;1
grimd;1
groenst;1
groente;1
groept;1
grofst;1
grold;1
gromd;1
groms;1
grote;1
group;1
groups;1
gruwd;1
guard;1
guards;1
guay;1
guees;1
gues;1
gueur;1
guisd;1
guit;1
gulpt;1
gulst;1
gums;1
gurk;1
gust;1
gutst;1
gymd;1
haafd;1
haagdoren;1
haags;1
haaid;1
haaks;1
haasd;1
hab;1
hach;1
hadj;1
hads;1
haft;1
hagendoren;1
halt;1
hams;1
handst;1
hards;1
harpt;1
harre;1
harst;1
hats;1
haw;1
hawk;1
hawks;1
heao;1
heat;1
heats;1
hedge;1
heeft;1
heek;1
heels;1
heemd;1
heemst;1
heep;1
heest;1
heetst;1
heft;1
heind;1
helmd;1
helst;1
hems;1
hept;1
heul;1
heuld;1
heurs;1
heust;1
hic;1
hidj;1
hiep;1
hieu;1
hieuwd;1
hijgd;1
him;1
hints;1
hipst;1
hir;1
hirs;1
hodg;1
hoekt;1
hofs;1
hoi;1
hole;1
holes;1
holst;1
homp;1
honkt;1
hooid;1
hooked;1
hoold;1
hoolt;1
hoors;1
hoosd;1
hops;1
hopst;1
hork;1
horn;1
horns;1
hosts;1
hots;1
hotst;1
housed;1
houwd;1
hsl;1
hso;1
hst;1
htm;1
html;1
http;1
hubs;1
huch;1
hucht;1
huig;1
huik;1
hukt;1
hulk;1
hulst;1
humd;1
hups;1
hupst;1
hupt;1
hutst;1
iaad;1
iaan;1
iaans;1
iben;1
ibi;1
ibisch;1
ic;1
ice;1
icij;1
icijns;1
icing;1
icings;1
icoon;1
ict;1
icus;1
idees;1
idem;1
idum;1
ieb;1
ief;1
iefst;1
iel;1
iens;1
iers;1
ieu;1
iger;1
iglo;1
igst;1
ijlst;1
ijsd;1
ike;1
ili;1
image;1
imam;1
imams;1
inch;1
ind;1
ineer;1
ineerd;1
ineus;1
ineust;1
interview;1
interviewt;1
inu;1
iq;1
iraak;1
iraaks;1
iraan;1
iraans;1
irak;1
iran;1
isbn;1
ischer;1
iseer;1
iseerd;1
itaal;1
iteer;1
iteerd;1
items;1
iti;1
itief;1
ities;1
itis;1
itisch;1
its;1
ive;1
ivf;1
ivo;1
ivriet;1
ize;1
jaagde;1
jaapt;1
jaards;1
jab;1
jabs;1
jae;1
jah;1
jamd;1
jankt;1
jant;1
japs;1
jau;1
jauws;1
jaz;1
jees;1
jeh;1
jein;1
jend;1
jept;1
jeukt;1
jeurs;1
jien;1
jijd;1
jims;1
jip;1
jir;1
jirs;1
jisch;1
jive;1
jobd;1
joep;1
jogd;1
joh;1
joi;1
joind;1
joint;1
joints;1
jokt;1
jold;1
jond;1
joold;1
joon;1
joop;1
joost;1
joot;1
jors;1
joud;1
jours;1
jous;1
jufs;1
juind;1
jukt;1
jul;1
junks;1
juns;1
juut;1
jux;1
kaag;1
kaaid;1
kaaksbeen;1
kaald;1
kaamd;1
kaand;1
kaanst;1
kaaps;1
kabs;1
kade;1
kae;1
kah;1
kahs;1
kakebeen;1
kalmst;1
kanst;1
kard;1
karnd;1
karts;1
kash;1
kb;1
keels;1
keend;1
keesd;1
keft;1
keild;1
keins;1
kek;1
kelp;1
kendst;1
kerkt;1
kermd;1
kesp;1
keul;1
keuls;1
keurz;1
keust;1
kg;1
kgm;1
kha;1
khmer;1
khmers;1
kief;1
kiekt;1
kield;1
kill;1
kilst;1
kilt;1
kilts;1
kimd;1
kims;1
kindst;1
kinkt;1
kird;1
kirs;1
kitst;1
kjes;1
klaarst;1
klamst;1
klankt;1
klast;1
klats;1
klauwd;1
kleet;1
klefst;1
kleid;1
kleind;1
kleins;1
kleinsd;1
klept;1
klers;1
klez;1
kliekt;1
klierd;1
klij;1
klijf;1
klijfd;1
kling;1
klist;1
kloef;1
kloekt;1
kloft;1
klokt;1
kloond;1
klost;1
klot;1
klotst;1
kluf;1
kluft;1
kluif;1
klunsd;1
klut;1
klutst;1
kluun;1
kluund;1
kluut;1
klys;1
km;1
knaks;1
knakt;1
knapst;1
knarp;1
knarpt;1
knau;1
knauwd;1
kneep;1
kneipp;1
knerp;1
knerpt;1
kners;1
knerst;1
knes;1
kneusd;1
knips;1
knoch;1
knoer;1
knoest;1
knoet;1
knokt;1
knold;1
knook;1
knorf;1
knuis;1
knuist;1
knurf;1
knurft;1
knust;1
koed;1
koef;1
koelst;1
koep;1
koest;1
koetst;1
kold;1
kolkt;1
komd;1
kongs;1
koog;1
kooid;1
koois;1
kooktst;1
koopst;1
koost;1
kops;1
kord;1
korn;1
korts;1
kortst;1
kouw;1
kov;1
kovs;1
kow;1
kozen;1
kraald;1
krachs;1
krakt;1
kramd;1
krapst;1
krapt;1
krauwd;1
kredietkaart;1
kreefts;1
kreek;1
krees;1
krek;1
krengd;1
krept;1
kresen;1
kribd;1
kriekt;1
krield;1
krijn;1
krijst;1
krill;1
krip;1
krist;1
kroch;1
krocht;1
kroel;1
kroeld;1
kroi;1
krold;1
krols;1
kromst;1
kruimd;1
krukt;1
kruut;1
kryo;1
kryp;1
ktv;1
kucht;1
kuifd;1
kuipt;1
kuld;1
kums;1
kung;1
kuub;1
kuurd;1
kw;1
kwaadst;1
kwaaie;1
kwaakt;1
kwaamd;1
kwant;1
kweeld;1
kween;1
kweet;1
kwekt;1
kwest;1
kwh;1
kwiek;1
kwiekst;1
kwijld;1
kwikt;1
kwon;1
kz;1
laafd;1
laaie;1
laakt;1
laap;1
laards;1
laarsd;1
lachs;1
lafst;1
lags;1
lain;1
lains;1
lakst;1
lald;1
lamst;1
lanx;1
larf;1
large;1
latch;1
lauft;1
lauts;1
law;1
lawn;1
laws;1
laxan;1
laxans;1
laxed;1
laxeerd;1
laxis;1
lbgo;1
lbo;1
lcd;1
leagues;1
leased;1
led;1
leegd;1
leegst;1
leeks;1
leekt;1
leemd;1
leepst;1
leesd;1
legen;1
legs;1
leh;1
lehs;1
leins;1
leld;1
lengs;1
lensd;1
lerd;1
leukst;1
leukt;1
leurd;1
lexie;1
lexis;1
lexist;1
leyd;1
leyt;1
lichts;1
lichtst;1
lics;1
licts;1
lieks;1
lierst;1
lifts;1
lije;1
lijfd;1
lijp;1
lijt;1
liks;1
lild;1
lingd;1
lingst;1
lipt;1
litz;1
lix;1
lno;1
lobby;1
lobbyt;1
lobd;1
lobs;1
lochs;1
locks;1
locs;1
loeid;1
loenst;1
loerst;1
loes;1
logst;1
loh;1
loid;1
loir;1
loirs;1
lold;1
lombs;1
lomd;1
loms;1
longs;1
lont;1
looid;1
loomst;1
loord;1
loose;1
lops;1
lork;1
lotl;1
lotls;1
loun;1
lour;1
lours;1
lp;1
lpg;1
lsd;1
lso;1
lto;1
lts;1
lubd;1
luds;1
luie;1
luiks;1
luin;1
luist;1
lunsd;1
lurg;1
lurkt;1
lusk;1
luul;1
luurs;1
luutst;1
luwd;1
luws;1
luxa;1
luxes;1
lyb;1
lyd;1
lyme;1
lynx;1
lyps;1
lyt;1
m;1
maaktst;1
maalst;1
maarts;1
maasd;1
mades;1
maes;1
mafst;1
maft;1
mage;1
maild;1
mailt;1
make;1
makes;1
mald;1
mall;1
malls;1
malm;1
malst;1
malt;1
mang;1
mangs;1
mankt;1
manns;1
manst;1
mantst;1
maps;1
mard;1
marks;1
marl;1
marld;1
mate;1
mates;1
mauw;1
mauwd;1
mbo;1
meao;1
meat;1
meaus;1
meeld;1
meent;1
meers;1
mekt;1
melks;1
melst;1
menestreel;1
mentsj;1
mept;1
metst;1
meukt;1
meun;1
meus;1
meust;1
mey;1
mia;1
mick;1
micks;1
miel;1
miens;1
miept;1
mierd;1
migs;1
mikt;1
mile;1
miles;1
minks;1
minkt;1
mins;1
minstreel;1
mischt;1
mitst;1
mixes;1
miz;1
mkz;1
moef;1
moem;1
moems;1
moesd;1
moest;1
moets;1
mokt;1
mold;1
molk;1
momd;1
monds;1
mood;1
moogd;1
moois;1
moors;1
moos;1
mord;1
moth;1
moths;1
motst;1
moved;1
moves;1
movet;1
moz;1
mp;1
mts;1
mues;1
mufst;1
muild;1
muisd;1
mulo;1
muls;1
mulst;1
mult;1
mums;1
murwd;1
must;1
musts;1
myanmarees;1
myd;1
myt;1
myxo;1
naads;1
naalst;1
naarst;1
naatst;1
nachts;1
nacs;1
nact;1
naft;1
naged;1
naget;1
nairst;1
naks;1
nangs;1
nantst;1
naps;1
narch;1
nards;1
nasj;1
nasjt;1
natin;1
natst;1
naus;1
nauwst;1
nay;1
nays;1
nb;1
neeg;1
neeld;1
neen;1
neep;1
neesd;1
neks;1
nekt;1
nemer;1
nemers;1
nenst;1
nentst;1
nept;1
nerds;1
nerfd;1
nert;1
netst;1
nexe;1
nexeer;1
nexeerd;1
nexi;1
ngo;1
nicks;1
nied;1
nield;1
nien;1
niesd;1
niest;1
nights;1
nijg;1
nikst;1
nirs;1
nischt;1
niss;1
nmbs;1
noek;1
noeks;1
noest;1
noff;1
noia;1
noods;1
nooit;1
nook;1
nooks;1
noop;1
noopt;1
noords;1
noorst;1
nopt;1
norst;1
notes;1
nous;1
nox;1
noxen;1
ns;1
nuft;1
nuit;1
nuo;1
nur;1
nurse;1
nv;1
nyx;1
nyxen;1
obers;1
obla;1
oblaat;1
oblies;1
oblong;1
obo;1
obool;1
obs;1
oca;1
ocmw;1
ode;1
oden;1
odes;1
odeurs;1
oef;1
oei;1
oeld;1
oem;1
oeps;1
ofio;1
ogie;1
ogief;1
oh;1
ohaad;1
ohm;1
ohms;1
oho;1
oir;1
ojie;1
ojief;1
oka;1
olies;1
omen;1
omes;1
oms;1
onus;1
onyx;1
onyxen;1
ooft;1
ooit;1
oon;1
oons;1
ootst;1
opaak;1
oper;1
opoes;1
oraal;1
oro;1
oryx;1
oryxen;1
oti;1
ouds;1
ounce;1
ov;1
oxaal;1
oxer;1
oxers;1
oxy;1
paa;1
paaid;1
paals;1
paapt;1
paarst;1
pacts;1
pads;1
page;1
pain;1
paints;1
pair;1
pairs;1
pais;1
palt;1
pane;1
pang;1
pangs;1
pants;1
paps;1
parks;1
pars;1
pasj;1
pauds;1
paukt;1
pax;1
paxen;1
pcb;1
peal;1
peds;1
peed;1
peis;1
pekt;1
pense;1
pept;1
perm;1
petst;1
peurd;1
peurs;1
peus;1
peust;1
pexen;1
pfeif;1
pg;1
ph;1
phag;1
phin;1
phins;1
phis;1
pieds;1
pief;1
piekt;1
pield;1
pierd;1
piest;1
pijnd;1
pijns;1
pijpt;1
pild;1
pine;1
pines;1
pins;1
pint;1
pips;1
pir;1
pire;1
pires;1
pirs;1
pk;1
placht;1
plaid;1
plaids;1
plane;1
planes;1
plates;1
platst;1
plays;1
plebs;1
pled;1
plees;1
pleetst;1
plekt;1
plem;1
plempt;1
plengd;1
pletst;1
pleur;1
pleurd;1
plexeer;1
plexeerd;1
plexie;1
plexus;1
plies;1
plin;1
pling;1
plompt;1
plonsd;1
ploos;1
plugged;1
plugs;1
pluimd;1
plur;1
plurk;1
plust;1
ply;1
pocht;1
poef;1
poefs;1
poeh;1
poek;1
poerd;1
poft;1
poi;1
polds;1
pole;1
polk;1
polst;1
pongd;1
pongs;1
ponk;1
pood;1
poog;1
poogd;1
pooid;1
poolt;1
poon;1
poost;1
potst;1
pound;1
pps;1
pr;1
praag;1
praags;1
praaid;1
praamd;1
prakt;1
prangd;1
pratst;1
praxis;1
pred;1
pree;1
preen;1
preet;1
pref;1
prefs;1
prest;1
preus;1
preutst;1
pric;1
priel;1
priemd;1
prijk;1
prijkt;1
prilst;1
prime;1
prisch;1
prise;1
prit;1
pronkt;1
pront;1
proof;1
prots;1
protst;1
pruikt;1
pruild;1
pruimd;1
pruis;1
prus;1
ps;1
psit;1
pso;1
pst;1
pte;1
pub;1
pubs;1
puc;1
puck;1
pucks;1
pulk;1
pulkt;1
pulls;1
pulst;1
pult;1
pump;1
pumps;1
pups;1
pust;1
putsch;1
putst;1
putt;1
putts;1
puugd;1
puul;1
puurst;1
pvc;1
qa;1
qat;1
quaar;1
quaars;1
quair;1
quairs;1
quard;1
quards;1
quark;1
quarks;1
quats;1
quatsch;1
queel;1
queen;1
queens;1
quens;1
quer;1
queues;1
quia;1
quilt;1
quilts;1
quins;1
quoia;1
quotes;1
raagd;1
raaid;1
raakst;1
raalst;1
raard;1
raarst;1
raatst;1
rabs;1
rach;1
rack;1
racks;1
ract;1
radj;1
radst;1
rafs;1
rage;1
rahs;1
raid;1
raids;1
rains;1
raio;1
rairs;1
rais;1
rald;1
rals;1
ramd;1
rance;1
ranch;1
range;1
rankt;1
ranst;1
rantst;1
raps;1
rapst;1
rapt;1
ratst;1
rauh;1
raus;1
rausd;1
raut;1
raxen;1
raxie;1
rde;1
reeds;1
reefd;1
reeg;1
reelst;1
reem;1
reend;1
reenst;1
reept;1
reeu;1
reeuwd;1
reeuws;1
regs;1
reh;1
reids;1
reil;1
reild;1
reinst;1
rems;1
rence;1
reng;1
rengs;1
rensd;1
rentsz;1
rentz;1
resultaatsverbetering;1
rets;1
reut;1
rex;1
rexie;1
rexist;1
reyk;1
ribd;1
ribs;1
rick;1
ricks;1
riemd;1
riff;1
riffs;1
right;1
rights;1
rih;1
rii;1
rijf;1
rijfd;1
rijpst;1
rims;1
ringst;1
rink;1
rinks;1
rinst;1
ript;1
riskt;1
risp;1
riss;1
riums;1
rockt;1
rods;1
roef;1
roeks;1
roens;1
roesd;1
roetsjt;1
roks;1
ronkt;1
roo;1
roodst;1
roofs;1
rools;1
roomst;1
rotst;1
roux;1
rouxs;1
row;1
roxis;1
rse;1
rubs;1
ruchtst;1
ruf;1
ruifd;1
ruigd;1
ruimst;1
ruled;1
rulet;1
rulst;1
rush;1
rut;1
ruur;1
ruwst;1
rvs;1
rynx;1
saa;1
saaist;1
saals;1
sach;1
safest;1
sag;1
sais;1
saks;1
salk;1
salvo;1
sanct;1
sands;1
sangs;1
sants;1
saoedisch;1
sard;1
sat;1
satz;1
saudisch;1
sausd;1
saved;1
savet;1
says;1
scaaf;1
scalp;1
scand;1
sceen;1
sceenst;1
schaakt;1
schaapsleer;1
schaarst;1
schald;1
schalkt;1
schalmd;1
schanst;1
schapenleer;1
schapt;1
schard;1
schau;1
scheefst;1
scheelst;1
schelms;1
schelmst;1
schelpt;1
schelst;1
scherfd;1
scherpst;1
schertst;1
scheukt;1
schien;1
schiktst;1
schink;1
schist;1
schmerz;1
schmie;1
schmierd;1
schnaps;1
schobd;1
schoend;1
schoep;1
schold;1
schond;1
schoofd;1
schoolst;1
schoonst;1
schotst;1
schraalst;1
schrabd;1
schramd;1
schrankt;1
schransd;1
schranst;1
schree;1
schrijnd;1
schrilst;1
schrot;1
schuinst;1
schulpt;1
schurkt;1
schwarz;1
schwung;1
scone;1
scones;1
scoops;1
scoord;1
scoort;1
scopes;1
scor;1
scra;1
scrat;1
scree;1
screend;1
scrips;1
scro;1
scrold;1
scrolt;1
scrubd;1
scrubs;1
scrubt;1
scrum;1
scuurst;1
scy;1
seald;1
sealt;1
seat;1
seats;1
secten;1
seeld;1
seen;1
seft;1
seid;1
seign;1
seild;1
sekt;1
selts;1
seng;1
sept;1
serts;1
serve;1
serves;1
sest;1
sexa;1
sext;1
sexyst;1
seys;1
sfag;1
sfin;1
sfor;1
sfu;1
sgml;1
shab;1
shakes;1
shal;1
shals;1
share;1
shaves;1
shawls;1
shell;1
shings;1
showd;1
showt;1
shunt;1
shunts;1
sich;1
sics;1
sied;1
siens;1
sigd;1
sight;1
signs;1
sijn;1
sikh;1
sikhs;1
simd;1
simpt;1
sipst;1
sir;1
sists;1
siums;1
size;1
sized;1
sjabbat;1
sjabbes;1
sjanst;1
sjav;1
sjeesd;1
sjerd;1
sjers;1
sjia;1
sjiekt;1
sjiesj;1
sjil;1
sjilp;1
sjilpt;1
sjir;1
sjirp;1
sjirpt;1
sjisj;1
sjisje;1
sjist;1
sjoch;1
sjoeld;1
sjoels;1
sjon;1
sjte;1
sjteer;1
sjteerd;1
sjtetl;1
sjwa;1
sjwas;1
skaat;1
skai;1
skald;1
skeet;1
skes;1
sket;1
sketch;1
skiffs;1
skimd;1
skimt;1
skriet;1
skunk;1
skunks;1
slaags;1
slaakt;1
slacks;1
slags;1
slakst;1
slankst;1
slankt;1
slapst;1
slechts;1
slechtst;1
sleeu;1
slempt;1
slenk;1
slens;1
slenst;1
slepen;1
slice;1
slich;1
sliept;1
slierd;1
sliet;1
slijmd;1
slimst;1
slinkst;1
slofst;1
slond;1
slonk;1
sloomst;1
sloopt;1
sluif;1
slum;1
slump;1
slumps;1
slums;1
sluwst;1
sm;1
smaakt;1
smaal;1
smaald;1
smack;1
smakt;1
smald;1
smalst;1
smalt;1
smeet;1
smeg;1
smeul;1
smeur;1
smeurd;1
smiech;1
smiecht;1
smien;1
smient;1
smisse;1
smoesd;1
smokt;1
smots;1
smotst;1
smousd;1
smoust;1
smuik;1
smuikt;1
smuld;1
smurf;1
snaaid;1
snaakst;1
snacks;1
snakt;1
snaps;1
sneef;1
sneefd;1
sneep;1
sneerd;1
sneers;1
snees;1
snelst;1
snerk;1
snerkt;1
snerpt;1
sneue;1
snibd;1
snie;1
snier;1
snierd;1
snift;1
snikt;1
snob;1
snobs;1
snoef;1
snoefd;1
snoekt;1
snokt;1
snoof;1
snoot;1
snork;1
snorkt;1
snuft;1
snurkt;1
soa;1
soek;1
soeks;1
soesd;1
softs;1
soit;1
sold;1
somd;1
soms;1
soot;1
sord;1
sos;1
sounds;1
spalt;1
spang;1
spard;1
spats;1
speare;1
spech;1
specht;1
speelst;1
spels;1
spelt;1
sperm;1
spex;1
spic;1
spicht;1
spiekt;1
spierd;1
spiet;1
spietst;1
spijk;1
spijsd;1
spijts;1
spike;1
spikes;1
spind;1
spinde;1
spinsd;1
spleen;1
spoeds;1
spong;1
sponsd;1
sponse;1
spoog;1
spou;1
sprang;1
sprayd;1
sprayt;1
spreads;1
spreeu;1
sprengd;1
spritst;1
spruw;1
spuid;1
spuis;1
spun;1
spy;1
squares;1
squaw;1
squaws;1
srd;1
staagd;1
staakt;1
staands;1
stals;1
stalt;1
stangd;1
stans;1
stanst;1
stard;1
stars;1
steaks;1
steedst;1
steef;1
steegst;1
steeld;1
steels;1
steh;1
steilst;1
steins;1
steks;1
stekt;1
steng;1
stept;1
steurd;1
stiefbroers;1
stijfst;1
stilst;1
stins;1
stoa;1
stocks;1
stoef;1
stoeft;1
stoeid;1
stoeld;1
stoept;1
stoerst;1
stold;1
stolpt;1
stomd;1
stomst;1
stonds;1
stoned;1
stonk;1
stoop;1
stores;1
stormt;1
stoutst;1
straats;1
stract;1
strafst;1
straight;1
strakst;1
strakt;1
stramd;1
stramst;1
strans;1
strants;1
strap;1
strea;1
streams;1
streeld;1
streerd;1
streks;1
stremd;1
strengd;1
strengst;1
stri;1
strie;1
striemd;1
strijkt;1
strike;1
strikes;1
striktst;1
string;1
strings;1
stript;1
stroefst;1
strookt;1
stropt;1
struct;1
struin;1
struist;1
strum;1
strums;1
strych;1
stuff;1
stuft;1
stugst;1
stuud;1
stuuk;1
stuukt;1
subs;1
sufst;1
suil;1
suild;1
suns;1
surd;1
surplace;1
surplacet;1
sust;1
suv;1
swap;1
swaps;1
swas;1
swi;1
swingd;1
swings;1
swit;1
taafs;1
taaid;1
taaie;1
taaist;1
taakt;1
taam;1
taamd;1
taand;1
taanst;1
taards;1
tabs;1
tae;1
tags;1
taind;1
tains;1
tairst;1
takes;1
talmd;1
tams;1
tamst;1
tands;1
tangs;1
tantst;1
tards;1
tarn;1
tarnd;1
task;1
taxe;1
taxeer;1
taxeerd;1
taxie;1
taxied;1
taxiet;1
taxon;1
tay;1
tbc;1
tbs;1
tear;1
teeg;1
teeld;1
teemd;1
teems;1
teerst;1
teint;1
telst;1
tempt;1
tems;1
teng;1
tengs;1
terg;1
tergd;1
terts;1
teuch;1
teug;1
teust;1
tgv;1
thaans;1
thais;1
thal;1
thau;1
thea;1
theem;1
theems;1
theen;1
theet;1
thers;1
thes;1
thia;1
this;1
thist;1
thol;1
thos;1
thra;1
thrae;1
tichs;1
tielst;1
tiemst;1
tiep;1
tiff;1
tiffs;1
tigst;1
tijt;1
tiks;1
timed;1
timet;1
timp;1
tind;1
tink;1
tinkt;1
tipt;1
tisj;1
tives;1
tja;1
tjafs;1
tjak;1
tjaks;1
tjal;1
tjalk;1
tjapt;1
tjauw;1
tjer;1
tjerk;1
tjil;1
tjilpen;1
tjilpt;1
tjir;1
tjirp;1
tjirpen;1
tjirpt;1
tjoi;1
tjon;1
tjong;1
tjongs;1
tme;1
toc;1
toem;1
toeng;1
toept;1
toers;1
tofst;1
tois;1
toks;1
tokt;1
tongd;1
toonst;1
toort;1
tord;1
torst;1
tort;1
toss;1
tost;1
touil;1
touwd;1
touws;1
toux;1
toxo;1
traafd;1
traagd;1
traagst;1
traap;1
traint;1
trakt;1
trals;1
tramd;1
tramp;1
tramps;1
trar;1
trarch;1
trash;1
trax;1
trays;1
treau;1
treeft;1
treek;1
treemst;1
treild;1
treind;1
trekt;1
trest;1
treus;1
treust;1
tria;1
trichts;1
trick;1
tricks;1
triekst;1
triet;1
trijp;1
trijst;1
trimd;1
tript;1
trit;1
tritst;1
trixen;1
troel;1
trofs;1
tromd;1
trompt;1
tronk;1
trost;1
trotst;1
trouwst;1
truus;1
tryp;1
tsaar;1
tsjech;1
tsjil;1
tsjilp;1
tsjilpen;1
tsjilpt;1
tsjir;1
tsjirp;1
tsjirpen;1
tsjirpt;1
tsjoe;1
tsjoes;1
tube;1
tufs;1
tuft;1
tuis;1
tuist;1
tukt;1
tuned;1
tunet;1
turkt;1
turns;1
tust;1
tuw;1
twaal;1
twens;1
twent;1
twents;1
twijg;1
twk;1
tyd;1
types;1
tyt;1
tza;1
tzi;1
ub;1
ud;1
ug;1
uhd;1
uits;1
ulo;1
unief;1
uniefs;1
uniekst;1
unis;1
unist;1
uraan;1
url;1
urm;1
urmd;1
ut;1
uw;1
uwer;1
uzelf;1
uzi;1
vaagst;1
vaakst;1
vaald;1
vaalst;1
vaam;1
vaans;1
vair;1
vald;1
valt;1
vamp;1
vamps;1
vatst;1
vbo;1
vea;1
veed;1
veegst;1
veend;1
veens;1
veet;1
veie;1
veild;1
vek;1
veks;1
velds;1
velg;1
venst;1
ventst;1
venw;1
verdikkeme;1
verdikkie;1
verds;1
verg;1
vergd;1
vergunningsstelsel;1
verjaarsfeest;1
verjaringsfeest;1
verse;1
vetst;1
veust;1
vex;1
vexeer;1
vexeerd;1
vief;1
viefst;1
viek;1
vield;1
vien;1
viest;1
viets;1
viewd;1
vild;1
ville;1
vips;1
vix;1
vixen;1
vj;1
vlaak;1
vlaamst;1
vlaan;1
vlakst;1
vlast;1
vleet;1
vleid;1
vliegd;1
vliet;1
vlijmd;1
vloerst;1
vlotst;1
vlugst;1
vmbo;1
vn;1
vof;1
voj;1
vold;1
vonkt;1
voo;1
vooie;1
voois;1
vooisd;1
vool;1
voolst;1
voon;1
voord;1
voorst;1
voosd;1
voot;1
vootst;1
vorkt;1
vort;1
vost;1
vouwd;1
vp;1
vrant;1
vrat;1
vreerd;1
vrin;1
vrind;1
vroegd;1
vroegst;1
vron;1
vrons;1
vroomst;1
vrouwd;1
vsb;1
vuig;1
vuilst;1
vuit;1
vuns;1
vunst;1
vvv;1
vwo;1
vzw;1
waakst;1
waars;1
waas;1
wachtst;1
waks;1
wakst;1
wales;1
walgd;1
walkt;1
wall;1
walls;1
walmd;1
wamd;1
wams;1
wangs;1
wards;1
warmst;1
washed;1
wast;1
watch;1
wats;1
wauw;1
wc;1
wec;1
weckt;1
wedergade;1
wedg;1
weefd;1
weekeinde;1
weekst;1
weep;1
weeps;1
weesd;1
weh;1
wehr;1
weich;1
weiss;1
well;1
wells;1
wels;1
welt;1
werds;1
werst;1
whee;1
wheeld;1
wheelt;1
wher;1
whist;1
white;1
wick;1
wield;1
wiens;1
wiep;1
wigd;1
wijls;1
wildst;1
winch;1
wire;1
wisj;1
wits;1
witst;1
witz;1
wob;1
woef;1
woerd;1
wogen;1
wokt;1
wolfd;1
worces;1
words;1
worgd;1
works;1
wormd;1
wort;1
wow;1
wraakt;1
wrakst;1
wreef;1
wreek;1
wrokt;1
wuf;1
wuif;1
wulk;1
wulps;1
wulpst;1
wurmd;1
wvs;1
wysiwyg;1
xist;1
xtc;1
yaans;1
yals;1
yang;1
yank;1
yanks;1
yant;1
yard;1
yards;1
yeld;1
yell;1
yells;1
yelt;1
yens;1
yeur;1
yeurs;1
yong;1
yons;1
ypre;1
yuc;1
zaars;1
zabaglione;1
zabaione;1
zachts;1
zagd;1
zam;1
zantst;1
zards;1
zatst;1
zeed;1
zeeg;1
zeek;1
zeelt;1
zeemd;1
zeerst;1
zeet;1
zeeu;1
zeeuws;1
zef;1
zefs;1
zeis;1
zelfs;1
zelst;1
zent;1
zid;1
ziekst;1
zierd;1
zijd;1
zijg;1
zijl;1
zijnd;1
zijp;1
zim;1
zinkt;1
zist;1
ziv;1
zlo;1
zmlk;1
zoefd;1
zoetst;1
zoi;1
zois;1
zomp;1
zont;1
zood;1
zoogd;1
zooid;1
zoorst;1
zoos;1
zotst;1
zuigd;1
zuimd;1
zulk;1
zulks;1
zult;1
zuurst;1
zwakst;1
zwalpt;1
zwamd;1
zwamp;1
zwansd;1
zweeds;1
zweek;1
zweel;1
zweeld;1
zweemd;1
zwerk;1
zwetst;1
zwich;1
zwiept;1
zwierf;1
zwijnd;1
zwoegd;1
zwoelst;1
zwon;1
zwond;1
zym;1
