pluim,riet,rij,be,de,ge;ge,be~de,rij,ge~rij,rij~de,riet,pluim,ge~pluim~de,pluim~de,riet~pluim
boet,ders,den,ten,de,ge;ge,ge~ge~ten,ten,ten~ten,den,de~den,ten~ders,ge~boet
school,ro,sche,tje,ken,de;de~ken,ken~de,de~ken~tje,sche~de,ro~de,sche~de~tje,ro~ken,school,school~de,school~tje
del,mo,me,len,ter,be;ter,be~ter,me,me~ter,me~len,mo~len,me~mo,del,del~len,mo~del,mo~del~len
sel,nen,be,te,ten,ge;ge,ge~ge~ten,ten,te,ten~ten,ge~be~ten,be~ten,be~te,ge~nen,te~nen,be~nen,ge~sel
rij,tje,pen,te,ten,de;ten,te,ten~ten,de~ten~te,pen,pen~de,rij,rij~de,rij~ten,rij~pen,rij~tje
gra,ach,ter,ver,de,ge;ge,ge~ver,ver,ver~ver,ter,ter~de~ge,ach,ach~ter,gra~ge,gra~ver
strookt,don,le,gen,te,ge;ge,te,gen,te~gen,le~ge,ge~le,ge~le~gen,le~gen,don,ge~don~gen,ge~strookt
toer,der,ti,ten,de,ge;ge,ge~ge~ten,ten,ten~ten,der~de,ten~der,ti~ti,toer,toer~de
bes,baan,tuur,ro,de,ge;ge,ro~de,tuur~de,baan,baan~de,ge~baan~de,bes,ro~bes
ga,bo,ne,me,de,ge;ge,me,me~de,ge~ne,de~ge~ne,ge~me~ne,bo~de,ga~ge,ga~de,bo~bo,ga~ga,bo~de~ga
keer,du,lan,ren,de,ge;ge,ge~ren,ren,de~ren,ren~de,ren~de~ren,lan~ge,ge~lan~de,du~ren,ge~du~ren~de,keer,keer~de
bol,lie,ta,re,ver,de;ver,ver~ver,re,re~de,ver~re,ver~de~re,lie~ver,ta~lie,ta~lie~de,bol,bol~de
saus,sla,pe,ka,li,ren;ren,ka,ka~ren,pe~ren,ka~li,pe~pe~ren,sla,saus,sla~saus
pas,taal,we,pa,be,ver;ver,ver~ver,be~ver,pa,we,we~ver,pa~pa,pa~pa~ver,taal,pas,be~taal~pas
lijk,en,den,ten,de,ge;ge,ge~ge~ten,ten,ten~ten,den,de~den,en~ge,en,en~ten,en~den,ge~lijk,lijk,de~ge~lijk
ban,pro,uit,le,ten,ge;ge,ge~ge~ten,ten,ten~ten,le~ge,ge~le,uit,ge~uit,pro,pro~le~ten,ban~ge,ban
dood,dra,sta,ken,gen,ge;ge,gen,ge~sta~ge,sta~ge,sta~gen,sta~ken,dra,dra~gen,ge~dra~gen,dra~ken,ge~dood,dood
kers,mo,re,ken,den,de;den,de~den,re,de~ken,ken~de,re~de,den~ken,re~den,den~ken~de,re~ken,re~ken~de,mo~de,de~mo,mo~re,kers,den~kers,mo~kers
ron,gie,ta,le,ti,ken;ti~ti,le~ken,ta~ken,le~ta~le,gie~ken,ron~ken
luncht,gens,ti,ten,de,ge;ge,ge~ge~ten,ten,ten~ten,ti~ti,de~gens,ge~luncht,luncht
bla,zin,voor,den,de,ge;ge,den,de~den,voor,voor~de,voor~den,zin,ge~zin,ge~zin~de,bla~den,bla~bla
ro,ni,ma,ten,de,ge;ge,ge~ge~ten,ten,ten~ten,ma,ma~de,ma~ten,ma~ma,ma~ni,ro~de,ro~ten,ro~ma
to,len,te,ver,ten,de;ten,ver,te,ten~ten,ver~ten,ver~ver,ver~te,de~ten~te,len~de,de~len,ver~de~len,len~te,te~len,to~ten,to~ver~de,len~to,to~to
ruil,gel,nen,ver,ten,de;ten,ver,ten~ten,ver~ten,ver~ver,de~nen,gel,de~gel,ten~gel,ruil,ruil~de,ver~ruil~de
re,gen,te,ten,de,ge;ge,ge~ge~ten,ten,te,ten~ten,gen,de~gen,ge~de~gen,de~ten~te,gen~ten,re,te~gen,ge~re~de,re~de,ten~ge~re,ge~re~ten,re~ten,te~re,te~de~re,gen~re,ge~re~gen,re~gen,re~gen~de,re~gen~ten
leg,zo,te,ver,ten,de;ten,ver,te,ten~ten,ver~ten,ver~ver,ver~te,de~ten~te,zo,zo~de,leg,leg~de,ver~leg~de,zo~zo
ont,la,in,be,ten,ge;ge,ge~ge~ten,ten,ten~ten,ge~be~ten,be~ten,in,in~ge~be~ten,la~ge,la,ge~la~ten,la~ten,in~la~ge,in~ge~la~ten,in~la~ten,ont~be~ten,la~la,ont~la~ten
tekst,grond,for,ti,ten,ge;ge,ge~ge~ten,ten,ten~ten,ti~ti,for~ten,for~ti,grond,ge~grond,tekst,grond~tekst
paard,re,ken,gen,de,ge;ge,gen,de~gen,ge~de~gen,re,de~ken,ge~ken~de,ken~de,ge~re~de,re~de,gen~re,ge~re~gen,re~gen,re~gen~de,re~ken,ge~re~ken,re~ken~de,ge~paard,paard
zeept,sie,ba,ken,ren,ver;ver,ver~ver,ren,ba,ver~ba,ba~ren,ba~ken,ba~ba,ver~sie,sie~ren,ver~sie~ren,ver~zeept
praat,ei,nen,ken,be,ten;ten,ten~ten,be~ten,be~ken,be~nen,ken~nen,be~ken~nen,ei,ei~ken,praat,be~praat
ri,sen,ren,be,ten,ge;ge,ge~ge~ten,ten,ten~ten,ge~be~ten,be~ten,ge~ren,ren,ren~ten,be~ren,be~ge~ren,sen~ten,ri~ten,be~ge~ri~ge,be~ri~be~ri
bel,kel,tje,ken,gen,de;gen,de~gen,de~ken,ken~de,de~gen~tje,de~ken~tje,kel~ken,bel,bel~de,bel~gen
gaan,pel,in,te,ten,de;ten,te,ten~ten,de~ten~te,in,in~de,pel,pel~de,te~pel,gaan,gaan~de,in~gaan,in~gaan~de
mat,gens,te,ten,de,ge;ge,ge~ge~ten,ten,te,ten~ten,de~ten~te,de~gens,mat,ge~mat,mat~ten,mat~te
zach,re,be,te,ten,ge;ge,ge~ge~ten,ten,te,ten~ten,ge~be~ten,be~ten,be~te,re,ten~ge~re,ge~re~ten,re~ten,te~re,zach~te
hech,baard,nen,re,ten,ge;ge,ge~ge~ten,ten,ten~ten,re,ten~ge~re,ge~re~ten,re~ten,ge~nen,re~ge~nen,re~nen,baard,ge~baard,hech~ten
voor,ze,ne,ken,be,te;te,be~te,te~ken,be~ken,ken~te~ken,ze,ze~ken,voor,voor~te~ken,be~ze~te~ne
me,be,ver,ten,de,ge;ge,ge~ge~ten,ten,ge~ver,ver,ten~ten,ver~ge~ten,ver~ten,ver~ver,be~de,ge~be~ten,be~ten,be~ver,ver~be~ten,me,me~de,ge~me~ten,me~ten,ver~me~ten,be~me~ten
toe,sa,ba,me,ten,ge;ge,ge~ge~ten,ten,ten~ten,me,ge~me~ten,me~ten,ba,ba~ten,sa~ge,sa,sa~me,ba~ba,toe,toe~ten,sa~ba,toe~me~ten,toe~ge~me~ten
spookt,laag,na,gen,de,ge;ge,gen,de~gen,ge~de~gen,na,ge~na~de,laag,ge~laag~de,ge~spookt
mer,ken,gen,te,de,ge;ge,te,gen,de~gen,ge~de~gen,de~ken,ge~ken~de,ken~de,te~gen,te~ken,te~ken~de,ge~te~ken~de,ken~te~ken,ken~te~ken~de,mer~ken,ken~mer~ken,ken~mer~ken~de
meerd,tu,werk,sen,ver,ge;ge,ge~ver,ver,ver~ver,ver~ver~sen,werk,werk~ge~ver,tu~tu,ge~meerd
wa,ti,ken,be,ver,ten;ten,ver,ten~ten,ver~ten,ver~ver,be~ten,be~ver,ver~be~ten,be~ken,ti~ti,wa,ver~wa~ten,wa~ken,be~wa~ken
daan,sies,vol,mis,de,ge;ge,mis,ge~mis,vol,vol~de,mis~sies,de~mis~sies,ge~daan,mis~daan,vol~daan
zan,sel,mo,ten,de,ge;ge,ge~ge~ten,ten,ten~ten,mo~de,de~mo,mo~ten,ge~sel,ge~sel~de,zan~ten,ge~zan~ten
strek,ti,ken,ten,de,ge;ge,ge~ge~ten,ten,ten~ten,de~ken,ge~ken~de,ken~de,ti~ti,strek,strek~ken,strek~ken~de
hei,ve,voor,ven,de,ge;ge,ge~ge~ven,ven,ge~ven,voor,voor~de,ve~ge,voor~ge~ven,voor~ge~ge~ven,hei,hei~de,ge~hei~de
kim,tie,te,ten,de,ge;ge,ge~ge~ten,ten,te,ten~ten,de~ten~te,tie~ten,de~ten~tie,kim~de
tuig,uit,pa,ver,de,ge;ge,ge~ver,ver,ver~ver,pa~ge,pa,uit,ge~uit,ver~uit,uit~ge~ver,pa~pa,pa~pa~ver,tuig,ge~tuig,tuig~de,ge~tuig~de
ze,aan,ne,ten,de,ge;ge,ge~ge~ten,ten,ten~ten,ge~ne,de~ge~ne,ne~ten,aan,ze,ze~ge,ze~de,de~ze,ge~ze~ten,aan~ge~ze~ten
sa,ri,der,ter,de,ge;ge,ter,ter~de~ge,der~de,sa~ge,sa,de~sa,sa~ter,sa~ri
vraag,rie,plan,ten,de,ge;ge,ge~ge~ten,ten,ten~ten,plan,plan~de,plan~ten,rie~ten,vraag,ge~vraag,ge~vraag~de,vraag~de
dag,la,ver,ten,de,ge;ge,ge~ge~ten,ten,ge~ver,ver,ten~ten,ver~ge~ten,ver~ten,ver~ver,la~ge,la,la~de,ge~la~ten,la~ten,ver~la~ten,la~la,dag~ge,dag
tro,lin,len,re,den,gen;gen,den,re,gen~re,re~gen,re~den,len~gen,len~den,lin~den,re~lin~gen,re~tro
lub,spoor,hand,li,de,ge;ge,ge~li~ge,hand,ge~hand,hand~de,spoor,spoor~de,ge~spoor~de,lub~de,ge~lub~de
veld,ven,ra,na,der,ver;ver,ver~ver,ver~der,na,ra,ven,ver~ven,na~der,ver~ra~der,der~ven,ver~der~ven,na~ven,ra~ven,veld,ver~veld
ruim,ton,vi,gen,de,ge;ge,gen,de~gen,ge~de~gen,vi~de,ton,ton~de,ton~gen,ge~ruim,ruim,ruim~de
dorp,en,ra,ti,gen,ten;ten,ten~ten,gen,gen~ten,ti~ti,ra,ra~ten,ra~gen,en,en~ten,dorp,ten~ten~dorp
ling,der,ken,ren,de,ge;ge,ge~ren,ren,de~ren,ren~de,de~ken,ge~ken~de,ken~de,der~de,ren~de~ren,de~ling
deeld,len,be,te,ten,ge;ge,ge~ge~ten,ten,te,ten~ten,ge~be~ten,be~ten,be~te,ge~len,len~te,te~len,be~te~ge~len,ge~deeld,be~deeld
ters,me,der,len,ver,de;ver,ver~ver,len~de,de~len,der~de,ver~de~len,ver~der,me,me~de,me~len,me~de~de~len,ver~me~me~len,me~ters
steen,li,re,den,te,de;te,den,de~den,re,re~de,te~re,te~de~re,re~den,li~re,steen,steen~de
go,zin,le,ten,de,ge;ge,ge~ge~ten,ten,ten~ten,le~ge,ge~le,ge~le~de,le~de,de~le~ten,zin,ge~zin,ge~zin~de,go,go~ten,ge~go~ten
strooid,kleed,ro,tje,be,ver;ver,ver~ver,be~ver,be~ver~tje,ro~ver,ro~be,ro~ver~tje,kleed,ver~kleed,be~kleed,ver~strooid,be~strooid
gra,ze,mi,ma,tie,ken;ma,ma~ken,ma~ma,mi,ze,ze~ken,mi~mi,gra~tie,mi~gra~tie
af,der,re,be,te,ver;ver,te,ver~ver,ver~te,be~ver,be~te,re,ver~re,te~re,ver~der,te~der,be~der~ver,re~der,te~der~der,af,ver~af,ver~der~af
bren,ren,gen,te,de,ge;ge,te,gen,de~gen,ge~de~gen,ge~ren,ren,de~ren,ren~de,te~gen,te~ren,ren~te,ren~de~ren,bren~gen
loods,zee,le,te,de,ge;ge,te,le~ge,ge~le,ge~le~de,le~de,zee,loods,loods~te,zee~loods
zwa,ti,den,ver,ten,ge;ge,ge~ge~ten,ten,ge~ver,ver,ten~ten,ver~ge~ten,ver~ten,ver~ver,den,ti~ti,zwa~den
dui,tie,ken,ten,de,ge;ge,ge~ge~ten,ten,ten~ten,de~ken,ge~ken~de,ken~de,tie~ten,de~ten~tie,dui~ten,dui~ken
wet,stel,te,ver,de,ge;ge,ge~ver,ver,te,ver~ver,ver~te,stel,ge~stel,stel~de,ge~stel~de,ver~stel~de,ge~wet,wet,wet~ge~ver,wet~te
zind,der,be,te,ver,ge;ge,ge~ver,ver,te,ver~ver,ver~te,be~ver,be~te,ver~der,te~der,be~der~ver,te~der~der,ge~zind,ge~zind~te
ruwd,dem,pen,be,ver,ten;ten,ver,ten~ten,ver~ten,ver~ver,be~ten,be~ver,ver~be~ten,pen,dem~pen,ver~ruwd
moe,pel,heid,len,be,de;be~de,len~de,de~len,be~de~len,pel,pel~de,pel~len,moe,moe~de,moe~heid
vaal,ken,den,ten,de,ge;ge,ge~ge~ten,ten,ten~ten,den,de~den,de~ken,ge~ken~de,ken~de,ge~den~ken,den~ken,den~ken~de,vaal,vaal~ten
wek,na,me,be,te,ten;ten,te,ten~ten,be~ten,be~te,me,me~ten,be~me~ten,na,na~me~ten,wek~te
kleurd,lij,ke,gen,ver,de;ver,gen,ver~ver,de~gen,ver~gen,ke~ver,ke~ver~de,lij,lij~de~lij~ke,ver~kleurd
ring,ba,len,ten,de,ge;ge,ge~ge~ten,ten,ten~ten,ge~len,len~de,de~len,ba,ba~ten,ba~len,ge~ring,ring,ring~de,ba~ba,ba~ring
heid,len,re,ver,ten,ge;ge,ge~ge~ten,ten,ge~ver,ver,ten~ten,ver~ge~ten,ver~ten,ver~ver,re,ten~ge~re,ge~re~ten,re~ten,ge~len,ver~re,ver~ge~len,re~ge~len,ge~heid,ver~heid
kwel,en,ter,ver,ten,de;ten,ver,ten~ten,ver~ten,ver~ver,ter,en,en~ten,en~ter,en~ter~de,kwel,kwel~de
ro,ke,sen,ver,de,ge;ge,ge~ver,ver,ver~ver,ke~ver,ke~ver~de,ver~ver~sen,ro~de,ro~ver
ra,len,re,be,de,ge;ge,be~de,re,ge~re~de,re~de,ge~len,len~de,de~len,be~de~len,re~ge~len,re~de~de~len,be~re~ge~len,ra~ge,ra,ra~re
duur,or,ren,be,ten,de;ten,ten~ten,be~de,be~ten,ren,de~ren,ren~de,ren~ten,ten~de~ren,be~ren,ren~de~ren,or,or~de,duur,duur~de
derf,ba,be,te,ten,ge;ge,ge~ge~ten,ten,te,ten~ten,ge~be~ten,be~ten,be~te,ba,ba~ten,ba~ba,be~derf
gels,gie,bel,kel,re,ge;ge,re,re~kel,bel,re~bel,re~gie,gie~bel,ge~gie~bel,gels,re~gels
or,toe,tje,re,den,be;den,re,be~den,re~den,be~re~den,toe,or,or~den,toe~tje
gord,haast,na,len,re,ge;ge,re,ge~len,re~ge~len,na,na~re,na~ge~len,haast,ge~haast,ge~gord
sluis,tast,le,ver,de,ge;ge,ge~ver,ver,ver~ver,le~ge,ge~le,ge~le~de,le~de,le~ver,le~ver~de,ge~tast,tast,sluis,sluis~de,ver~sluis~de
ters,pa,to,nen,len,de;len~de,de~len,de~nen,len~de~nen,pa,len~to,pa~len,to~nen,pa~nen,to~to,pa~pa,pa~ters
ro,wa,ne,ma,ter,de;ter,ma,ma~de,ma~ter,ter~ne,ma~ma,wa,wa~de,wa~ter,wa~ter~de,ro~de,ro~ma,ne~ro
mi,tie,re,ren,de,ge;ge,ge~ren,ren,de~ren,ren~de,re,ge~re~de,re~de,ren~de~ren,re~ge~ren,tie~ren,mi,de~mi,mi~mi
poept,vloek,mie,len,de,ge;ge,ge~len,len~de,de~len,mie,mie~ge~len,vloek,ge~vloek,ge~poept
pun,pak,jes,da,ni,ken;da~ken,da~da,pak,pak~ken,pak~jes,pun~ni~ken
doold,ste,len,be,de,ge;ge,be~de,ge~len,len~de,de~len,be~de~len,ste~ge,ste~de,ste~len,be~ste~len,ge~doold
lis,man,den,gen,ten,ge;ge,ge~ge~ten,ten,ten~ten,gen,den,gen~ten,man,man~den,lis,lis~ten
zwar,ko,sche,pa,me,ten;ten,ten~ten,me,me~ten,pa,pa~ten~ten,sche~ten,ko~ten,pa~pa,ko~me~ten,zwar~ten
bran,men,len,den,ten,de;ten,ten~ten,den,de~den,len~de,de~len,len~den,men,men~de,men~de~len,bran~den,bran~den~de
eist,do,le,ver,de,ge;ge,ge~ver,ver,ver~ver,le~ge,ge~le,ge~le~de,le~de,le~ver,le~ver~de,do~ge,do,do~de,do~ver,do~do,ge~eist,ver~eist
